train_speed,speed_limit,distance,braking_distance,signal_status,direction,risk_score,risk_level
110,120,1015,678,RED,EAST,30,MEDIUM
42,100,1816,698,YELLOW,SOUTH,10,SAFE
91,100,1264,677,RED,NORTH,30,MEDIUM
41,90,416,680,RED,NORTH,70,HIGH
54,80,1386,291,YELLOW,WEST,10,SAFE
64,120,1446,454,GREEN,SOUTH,0,SAFE
121,110,1266,472,GREEN,SOUTH,30,MEDIUM
61,110,1269,520,RED,SOUTH,30,MEDIUM
75,90,1454,498,RED,EAST,30,MEDIUM
41,120,794,455,RED,WEST,30,MEDIUM
57,80,427,780,RED,EAST,70,HIGH
51,120,1643,793,RED,WEST,30,MEDIUM
62,90,1362,147,GREEN,EAST,0,SAFE
110,120,1789,782,YELLOW,EAST,10,SAFE
82,80,1397,668,YELLOW,NORTH,40,MEDIUM
123,120,911,766,YELLOW,SOUTH,40,MEDIUM
80,110,896,409,YELLOW,NORTH,10,SAFE
67,120,281,704,RED,EAST,70,HIGH
72,100,302,533,RED,NORTH,70,HIGH
65,80,530,385,GREEN,NORTH,0,SAFE
91,110,1246,175,RED,SOUTH,30,MEDIUM
63,120,1441,458,RED,SOUTH,30,MEDIUM
40,80,1358,706,YELLOW,WEST,10,SAFE
58,80,1119,134,YELLOW,NORTH,10,SAFE
84,80,787,798,YELLOW,NORTH,80,HIGH
74,120,1272,775,GREEN,EAST,0,SAFE
119,80,1962,455,RED,EAST,60,MEDIUM
53,110,912,141,RED,NORTH,30,MEDIUM
118,120,454,517,YELLOW,SOUTH,50,MEDIUM
98,110,1938,724,RED,SOUTH,30,MEDIUM
67,90,596,566,RED,SOUTH,30,MEDIUM
97,110,109,247,YELLOW,NORTH,50,MEDIUM
51,90,635,721,YELLOW,EAST,50,MEDIUM
59,120,933,116,YELLOW,SOUTH,10,SAFE
119,90,1626,465,GREEN,SOUTH,30,MEDIUM
57,90,1856,323,RED,EAST,30,MEDIUM
98,90,1706,266,GREEN,WEST,30,MEDIUM
129,80,651,340,YELLOW,WEST,40,MEDIUM
76,80,1176,597,RED,WEST,30,MEDIUM
79,110,1642,529,RED,EAST,30,MEDIUM
43,90,1659,766,YELLOW,SOUTH,10,SAFE
103,90,1179,684,GREEN,WEST,30,MEDIUM
96,120,229,156,RED,SOUTH,30,MEDIUM
85,90,449,691,RED,WEST,70,HIGH
47,120,550,163,GREEN,NORTH,0,SAFE
90,80,960,793,GREEN,WEST,30,MEDIUM
95,120,1453,322,RED,SOUTH,30,MEDIUM
112,110,326,502,RED,NORTH,100,HIGH
60,90,852,495,RED,WEST,30,MEDIUM
99,80,916,255,GREEN,NORTH,30,MEDIUM
77,90,1283,771,YELLOW,SOUTH,10,SAFE
89,110,1866,385,GREEN,SOUTH,0,SAFE
102,100,1883,408,YELLOW,EAST,40,MEDIUM
128,120,1607,135,GREEN,WEST,30,MEDIUM
98,110,110,324,RED,WEST,70,HIGH
101,80,1770,718,RED,NORTH,60,MEDIUM
111,120,439,293,YELLOW,WEST,10,SAFE
42,80,306,741,RED,SOUTH,70,HIGH
42,110,610,789,GREEN,NORTH,40,MEDIUM
98,110,1294,517,GREEN,EAST,0,SAFE
85,120,1168,388,YELLOW,EAST,10,SAFE
124,120,1624,738,YELLOW,EAST,40,MEDIUM
57,110,1873,322,GREEN,WEST,0,SAFE
73,90,724,285,RED,SOUTH,30,MEDIUM
46,90,1927,639,RED,EAST,30,MEDIUM
44,120,1371,764,RED,WEST,30,MEDIUM
56,80,1585,377,YELLOW,WEST,10,SAFE
44,90,745,425,GREEN,EAST,0,SAFE
52,90,488,557,RED,NORTH,70,HIGH
126,100,547,348,RED,SOUTH,60,MEDIUM
101,90,1695,110,YELLOW,WEST,40,MEDIUM
64,120,1941,796,YELLOW,WEST,10,SAFE
71,80,790,133,YELLOW,SOUTH,10,SAFE
117,100,1647,589,YELLOW,NORTH,40,MEDIUM
78,120,642,442,RED,SOUTH,30,MEDIUM
130,120,1201,464,RED,NORTH,60,MEDIUM
56,100,837,240,RED,NORTH,30,MEDIUM
127,120,1357,639,YELLOW,WEST,40,MEDIUM
45,100,1921,317,GREEN,WEST,0,SAFE
128,110,1571,516,RED,WEST,60,MEDIUM
96,120,315,303,YELLOW,EAST,10,SAFE
70,90,511,448,GREEN,EAST,0,SAFE
109,120,1651,284,RED,WEST,30,MEDIUM
89,100,322,710,RED,NORTH,70,HIGH
91,110,1993,529,YELLOW,SOUTH,10,SAFE
74,80,379,330,GREEN,SOUTH,0,SAFE
49,80,951,313,RED,EAST,30,MEDIUM
84,110,1772,321,GREEN,NORTH,0,SAFE
117,80,899,345,RED,SOUTH,60,MEDIUM
102,90,900,318,RED,SOUTH,60,MEDIUM
100,80,1747,579,GREEN,EAST,30,MEDIUM
75,80,1573,736,GREEN,SOUTH,0,SAFE
48,120,602,666,GREEN,EAST,40,MEDIUM
103,120,1129,631,GREEN,WEST,0,SAFE
116,80,1311,575,YELLOW,NORTH,40,MEDIUM
96,80,1539,616,RED,NORTH,60,MEDIUM
50,80,801,695,RED,NORTH,30,MEDIUM
86,100,1371,357,RED,SOUTH,30,MEDIUM
56,90,1662,738,YELLOW,WEST,10,SAFE
64,80,978,550,GREEN,WEST,0,SAFE
103,120,1047,497,YELLOW,SOUTH,10,SAFE
78,120,872,220,YELLOW,NORTH,10,SAFE
75,80,790,164,RED,SOUTH,30,MEDIUM
71,100,1067,396,RED,NORTH,30,MEDIUM
122,80,1918,135,GREEN,WEST,30,MEDIUM
101,80,1877,264,GREEN,SOUTH,30,MEDIUM
46,110,1111,263,YELLOW,NORTH,10,SAFE
89,90,734,112,RED,SOUTH,30,MEDIUM
51,90,1037,453,YELLOW,WEST,10,SAFE
117,120,242,521,GREEN,SOUTH,40,MEDIUM
57,90,748,484,GREEN,WEST,0,SAFE
91,90,102,249,RED,EAST,100,HIGH
101,100,770,410,RED,NORTH,60,MEDIUM
71,80,733,745,RED,SOUTH,70,HIGH
70,80,689,592,RED,WEST,30,MEDIUM
44,100,764,612,YELLOW,WEST,10,SAFE
55,100,238,246,GREEN,EAST,40,MEDIUM
48,110,144,238,YELLOW,EAST,50,MEDIUM
76,120,1598,710,RED,WEST,30,MEDIUM
120,120,1435,709,GREEN,NORTH,0,SAFE
119,120,1865,394,YELLOW,SOUTH,10,SAFE
69,100,1140,160,GREEN,EAST,0,SAFE
65,100,1603,742,RED,NORTH,30,MEDIUM
47,100,424,560,RED,EAST,70,HIGH
103,120,1040,265,YELLOW,EAST,10,SAFE
70,100,288,504,RED,SOUTH,70,HIGH
87,110,1022,544,RED,SOUTH,30,MEDIUM
122,90,1002,629,YELLOW,WEST,40,MEDIUM
58,80,1766,715,GREEN,NORTH,0,SAFE
123,100,330,553,RED,EAST,100,HIGH
103,100,1714,716,RED,NORTH,60,MEDIUM
108,120,1579,766,RED,NORTH,30,MEDIUM
55,90,489,126,GREEN,WEST,0,SAFE
89,110,686,631,RED,SOUTH,30,MEDIUM
78,100,1991,655,GREEN,EAST,0,SAFE
128,120,338,658,RED,SOUTH,100,HIGH
73,120,1359,232,GREEN,EAST,0,SAFE
71,120,591,733,RED,SOUTH,70,HIGH
119,120,1990,675,YELLOW,SOUTH,10,SAFE
79,80,961,231,YELLOW,WEST,10,SAFE
86,120,527,356,YELLOW,SOUTH,10,SAFE
45,90,1043,609,GREEN,NORTH,0,SAFE
63,120,685,726,RED,SOUTH,70,HIGH
120,80,152,759,GREEN,WEST,70,HIGH
100,100,1731,779,GREEN,NORTH,0,SAFE
123,120,1023,686,RED,WEST,60,MEDIUM
107,100,148,636,YELLOW,EAST,80,HIGH
125,100,1258,538,YELLOW,NORTH,40,MEDIUM
75,90,142,174,GREEN,SOUTH,40,MEDIUM
41,80,885,253,GREEN,EAST,0,SAFE
101,120,515,551,RED,NORTH,70,HIGH
129,100,1734,648,YELLOW,SOUTH,40,MEDIUM
120,120,1146,329,YELLOW,SOUTH,10,SAFE
114,120,1971,663,RED,SOUTH,30,MEDIUM
86,120,1977,127,RED,EAST,30,MEDIUM
49,90,1520,130,RED,WEST,30,MEDIUM
104,120,1825,218,GREEN,SOUTH,0,SAFE
108,120,1755,592,GREEN,WEST,0,SAFE
96,90,1060,190,GREEN,NORTH,30,MEDIUM
67,120,410,122,YELLOW,SOUTH,10,SAFE
107,80,394,133,YELLOW,EAST,40,MEDIUM
73,110,499,173,GREEN,WEST,0,SAFE
109,90,1690,674,GREEN,WEST,30,MEDIUM
103,120,444,179,GREEN,SOUTH,0,SAFE
56,120,646,738,GREEN,EAST,40,MEDIUM
125,120,223,535,YELLOW,NORTH,80,HIGH
112,90,1288,378,GREEN,WEST,30,MEDIUM
78,100,1424,410,RED,SOUTH,30,MEDIUM
65,80,787,305,RED,EAST,30,MEDIUM
93,100,875,353,RED,EAST,30,MEDIUM
75,80,901,429,GREEN,EAST,0,SAFE
97,90,1556,687,RED,WEST,60,MEDIUM
89,100,1133,234,GREEN,EAST,0,SAFE
101,80,271,305,GREEN,NORTH,70,HIGH
50,100,1534,219,YELLOW,WEST,10,SAFE
104,90,1547,371,GREEN,SOUTH,30,MEDIUM
88,100,1904,605,RED,NORTH,30,MEDIUM
101,120,1242,587,RED,SOUTH,30,MEDIUM
106,90,1953,729,RED,WEST,60,MEDIUM
106,120,1541,588,GREEN,SOUTH,0,SAFE
69,90,450,573,YELLOW,SOUTH,50,MEDIUM
57,100,1740,122,YELLOW,SOUTH,10,SAFE
64,120,1000,550,YELLOW,EAST,10,SAFE
59,90,486,705,RED,WEST,70,HIGH
104,120,1849,469,RED,SOUTH,30,MEDIUM
46,80,1409,254,YELLOW,NORTH,10,SAFE
79,120,1734,658,RED,SOUTH,30,MEDIUM
127,90,823,477,RED,EAST,60,MEDIUM
92,110,1675,211,RED,SOUTH,30,MEDIUM
118,90,1561,213,GREEN,EAST,30,MEDIUM
81,110,1910,350,GREEN,WEST,0,SAFE
67,100,1123,642,GREEN,SOUTH,0,SAFE
59,100,934,481,RED,NORTH,30,MEDIUM
121,80,154,381,YELLOW,SOUTH,80,HIGH
79,120,1144,557,YELLOW,WEST,10,SAFE
81,90,470,388,YELLOW,SOUTH,10,SAFE
115,100,478,582,YELLOW,SOUTH,80,HIGH
121,120,1008,740,GREEN,EAST,30,MEDIUM
54,90,1852,134,GREEN,SOUTH,0,SAFE
84,100,322,671,GREEN,NORTH,40,MEDIUM
122,110,1889,624,GREEN,WEST,30,MEDIUM
97,110,1160,324,GREEN,WEST,0,SAFE
91,100,408,257,GREEN,NORTH,0,SAFE
60,120,462,617,GREEN,WEST,40,MEDIUM
112,80,369,646,RED,SOUTH,100,HIGH
97,120,127,630,YELLOW,EAST,50,MEDIUM
58,80,1833,476,YELLOW,EAST,10,SAFE
64,90,1613,307,RED,SOUTH,30,MEDIUM
104,110,1840,777,GREEN,EAST,0,SAFE
62,90,870,392,YELLOW,EAST,10,SAFE
114,80,297,393,RED,NORTH,100,HIGH
103,120,1842,184,YELLOW,EAST,10,SAFE
127,80,207,739,YELLOW,NORTH,80,HIGH
116,110,1449,316,YELLOW,NORTH,40,MEDIUM
57,90,620,743,YELLOW,NORTH,50,MEDIUM
63,100,1338,507,GREEN,WEST,0,SAFE
73,100,1131,230,YELLOW,SOUTH,10,SAFE
115,120,1933,474,GREEN,NORTH,0,SAFE
118,100,598,452,RED,SOUTH,60,MEDIUM
122,100,1149,288,GREEN,SOUTH,30,MEDIUM
42,120,1866,589,GREEN,EAST,0,SAFE
110,80,290,705,YELLOW,NORTH,80,HIGH
106,120,1767,497,RED,WEST,30,MEDIUM
129,100,1402,526,GREEN,NORTH,30,MEDIUM
40,100,945,236,GREEN,SOUTH,0,SAFE
124,110,1338,270,YELLOW,WEST,40,MEDIUM
63,90,1366,268,RED,EAST,30,MEDIUM
76,110,497,748,YELLOW,NORTH,50,MEDIUM
98,100,720,195,YELLOW,WEST,10,SAFE
94,90,927,183,YELLOW,SOUTH,40,MEDIUM
41,110,208,273,GREEN,EAST,40,MEDIUM
83,80,370,531,RED,NORTH,100,HIGH
89,120,1528,300,GREEN,NORTH,0,SAFE
74,110,918,770,RED,SOUTH,30,MEDIUM
46,90,1007,184,RED,SOUTH,30,MEDIUM
59,120,806,597,GREEN,NORTH,0,SAFE
86,110,1981,675,GREEN,EAST,0,SAFE
100,80,1224,520,RED,EAST,60,MEDIUM
99,120,1584,686,GREEN,NORTH,0,SAFE
54,110,1093,708,YELLOW,EAST,10,SAFE
46,110,1201,525,RED,SOUTH,30,MEDIUM
91,80,1227,417,YELLOW,SOUTH,40,MEDIUM
101,110,1169,151,GREEN,SOUTH,0,SAFE
87,120,685,652,YELLOW,WEST,10,SAFE
121,90,1121,322,YELLOW,NORTH,40,MEDIUM
83,110,198,118,YELLOW,EAST,10,SAFE
44,120,1431,131,GREEN,EAST,0,SAFE
96,120,1758,680,GREEN,NORTH,0,SAFE
70,90,1129,557,GREEN,SOUTH,0,SAFE
105,90,1311,633,RED,WEST,60,MEDIUM
85,90,1364,417,GREEN,EAST,0,SAFE
42,120,1364,487,YELLOW,WEST,10,SAFE
79,90,485,457,YELLOW,EAST,10,SAFE
94,110,1845,794,RED,NORTH,30,MEDIUM
54,110,1927,318,RED,SOUTH,30,MEDIUM
50,80,1728,268,GREEN,SOUTH,0,SAFE
79,120,1775,453,RED,NORTH,30,MEDIUM
92,120,1066,225,GREEN,EAST,0,SAFE
76,90,1358,274,RED,NORTH,30,MEDIUM
54,80,1614,707,RED,WEST,30,MEDIUM
123,100,1819,264,RED,WEST,60,MEDIUM
76,80,1078,783,GREEN,WEST,0,SAFE
113,100,1377,255,GREEN,NORTH,30,MEDIUM
84,100,487,145,YELLOW,WEST,10,SAFE
117,100,255,313,YELLOW,NORTH,80,HIGH
47,90,786,352,GREEN,SOUTH,0,SAFE
124,120,1328,788,GREEN,EAST,30,MEDIUM
80,80,1588,657,YELLOW,NORTH,10,SAFE
47,90,1927,184,GREEN,SOUTH,0,SAFE
71,90,413,584,RED,SOUTH,70,HIGH
61,120,1499,782,RED,WEST,30,MEDIUM
114,110,997,775,GREEN,SOUTH,30,MEDIUM
92,100,489,793,RED,SOUTH,70,HIGH
121,80,1498,795,YELLOW,WEST,40,MEDIUM
114,80,132,260,YELLOW,SOUTH,80,HIGH
126,110,863,341,GREEN,SOUTH,30,MEDIUM
52,100,526,608,YELLOW,EAST,50,MEDIUM
122,100,1461,361,RED,EAST,60,MEDIUM
52,120,1092,670,GREEN,NORTH,0,SAFE
119,100,574,716,YELLOW,NORTH,80,HIGH
61,110,877,168,GREEN,EAST,0,SAFE
65,110,1774,738,RED,EAST,30,MEDIUM
99,90,1401,673,GREEN,NORTH,30,MEDIUM
91,80,406,538,YELLOW,SOUTH,80,HIGH
112,90,1445,209,RED,EAST,60,MEDIUM
123,90,755,734,GREEN,EAST,30,MEDIUM
78,110,270,211,GREEN,WEST,0,SAFE
116,90,1332,346,YELLOW,SOUTH,40,MEDIUM
123,80,1213,610,YELLOW,WEST,40,MEDIUM
88,110,376,224,GREEN,EAST,0,SAFE
127,100,1480,113,GREEN,SOUTH,30,MEDIUM
102,110,171,732,RED,NORTH,70,HIGH
52,100,1786,451,YELLOW,EAST,10,SAFE
112,110,1011,486,RED,WEST,60,MEDIUM
53,80,604,766,GREEN,EAST,40,MEDIUM
44,110,885,643,RED,EAST,30,MEDIUM
92,80,983,574,YELLOW,EAST,40,MEDIUM
100,90,1676,583,GREEN,WEST,30,MEDIUM
112,80,1153,156,YELLOW,SOUTH,40,MEDIUM
119,100,1609,401,GREEN,NORTH,30,MEDIUM
56,120,872,573,YELLOW,EAST,10,SAFE
40,80,1378,326,GREEN,SOUTH,0,SAFE
76,90,488,362,YELLOW,SOUTH,10,SAFE
95,80,562,771,GREEN,SOUTH,70,HIGH
40,80,1200,663,GREEN,NORTH,0,SAFE
99,80,891,636,YELLOW,SOUTH,40,MEDIUM
79,110,1131,458,GREEN,EAST,0,SAFE
130,80,696,649,GREEN,EAST,30,MEDIUM
57,90,1447,460,RED,SOUTH,30,MEDIUM
51,100,1311,562,RED,NORTH,30,MEDIUM
98,80,294,690,RED,EAST,100,HIGH
78,90,109,630,RED,NORTH,70,HIGH
43,100,1678,592,YELLOW,EAST,10,SAFE
103,90,1866,141,RED,NORTH,60,MEDIUM
81,120,1844,595,RED,NORTH,30,MEDIUM
75,90,1538,553,GREEN,SOUTH,0,SAFE
44,120,1753,745,YELLOW,NORTH,10,SAFE
98,110,316,481,RED,SOUTH,70,HIGH
129,100,1123,458,RED,NORTH,60,MEDIUM
109,110,344,712,YELLOW,WEST,50,MEDIUM
116,120,1122,303,GREEN,NORTH,0,SAFE
127,110,441,633,YELLOW,NORTH,80,HIGH
40,100,917,780,GREEN,NORTH,0,SAFE
69,90,686,319,GREEN,EAST,0,SAFE
99,120,1953,490,RED,EAST,30,MEDIUM
88,90,350,321,GREEN,EAST,0,SAFE
110,100,1943,121,RED,EAST,60,MEDIUM
74,90,326,259,YELLOW,EAST,10,SAFE
41,100,178,497,GREEN,SOUTH,40,MEDIUM
58,120,1603,484,RED,NORTH,30,MEDIUM
128,90,1585,702,GREEN,EAST,30,MEDIUM
109,80,258,232,YELLOW,EAST,40,MEDIUM
41,120,507,698,GREEN,WEST,40,MEDIUM
44,100,865,220,RED,SOUTH,30,MEDIUM
76,110,1573,190,RED,EAST,30,MEDIUM
108,80,567,665,YELLOW,SOUTH,80,HIGH
122,120,1373,440,GREEN,NORTH,30,MEDIUM
105,100,379,662,YELLOW,NORTH,80,HIGH
66,120,1093,402,YELLOW,EAST,10,SAFE
51,80,1709,246,YELLOW,EAST,10,SAFE
106,100,1886,699,RED,NORTH,60,MEDIUM
102,100,1883,252,GREEN,EAST,30,MEDIUM
98,100,1988,429,GREEN,WEST,0,SAFE
97,90,643,626,YELLOW,NORTH,40,MEDIUM
52,80,572,103,YELLOW,NORTH,10,SAFE
96,80,691,161,GREEN,EAST,30,MEDIUM
64,120,692,191,YELLOW,WEST,10,SAFE
71,90,480,102,YELLOW,SOUTH,10,SAFE
67,100,1856,398,YELLOW,EAST,10,SAFE
77,80,522,523,YELLOW,NORTH,50,MEDIUM
49,110,1743,383,GREEN,SOUTH,0,SAFE
88,80,888,603,GREEN,EAST,30,MEDIUM
113,80,941,451,YELLOW,WEST,40,MEDIUM
126,110,1302,264,GREEN,SOUTH,30,MEDIUM
66,100,427,278,GREEN,SOUTH,0,SAFE
47,100,1194,156,YELLOW,EAST,10,SAFE
121,100,1346,682,YELLOW,WEST,40,MEDIUM
87,100,1234,701,YELLOW,WEST,10,SAFE
97,80,1106,604,GREEN,NORTH,30,MEDIUM
56,90,135,375,YELLOW,NORTH,50,MEDIUM
111,100,742,763,RED,WEST,100,HIGH
97,110,872,555,YELLOW,EAST,10,SAFE
105,110,452,527,RED,EAST,70,HIGH
45,90,270,652,YELLOW,WEST,50,MEDIUM
119,110,1468,767,GREEN,SOUTH,30,MEDIUM
43,120,1438,414,RED,WEST,30,MEDIUM
78,80,730,432,YELLOW,WEST,10,SAFE
47,100,1198,742,YELLOW,WEST,10,SAFE
70,90,882,582,RED,NORTH,30,MEDIUM
100,100,390,375,YELLOW,NORTH,10,SAFE
84,80,1800,732,RED,NORTH,60,MEDIUM
121,90,1156,709,RED,SOUTH,60,MEDIUM
115,80,1980,214,YELLOW,NORTH,40,MEDIUM
53,100,1797,236,RED,EAST,30,MEDIUM
115,90,156,321,GREEN,WEST,70,HIGH
60,120,1790,127,YELLOW,NORTH,10,SAFE
101,110,187,563,GREEN,NORTH,40,MEDIUM
127,90,814,543,RED,EAST,60,MEDIUM
63,120,1464,277,RED,EAST,30,MEDIUM
50,90,1045,536,GREEN,SOUTH,0,SAFE
121,100,1935,234,RED,NORTH,60,MEDIUM
51,110,813,752,YELLOW,WEST,10,SAFE
62,110,623,713,YELLOW,WEST,50,MEDIUM
123,90,358,180,GREEN,NORTH,30,MEDIUM
66,110,1654,299,YELLOW,EAST,10,SAFE
65,90,1697,275,YELLOW,NORTH,10,SAFE
73,120,1766,179,GREEN,WEST,0,SAFE
55,90,1261,775,RED,SOUTH,30,MEDIUM
85,90,970,514,GREEN,EAST,0,SAFE
99,80,475,248,YELLOW,WEST,40,MEDIUM
67,110,569,534,RED,SOUTH,30,MEDIUM
123,80,926,223,YELLOW,NORTH,40,MEDIUM
53,120,1057,237,GREEN,EAST,0,SAFE
121,100,201,460,GREEN,WEST,70,HIGH
117,90,591,514,RED,WEST,60,MEDIUM
46,80,1199,480,RED,WEST,30,MEDIUM
119,120,1453,735,YELLOW,NORTH,10,SAFE
87,90,972,170,YELLOW,SOUTH,10,SAFE
90,90,1388,364,RED,SOUTH,30,MEDIUM
55,90,494,527,YELLOW,EAST,50,MEDIUM
123,100,437,383,RED,NORTH,60,MEDIUM
94,120,1600,392,GREEN,EAST,0,SAFE
106,80,668,610,RED,NORTH,60,MEDIUM
117,120,1476,480,GREEN,WEST,0,SAFE
72,90,932,650,RED,WEST,30,MEDIUM
48,100,1885,271,GREEN,NORTH,0,SAFE
107,80,641,129,GREEN,SOUTH,30,MEDIUM
99,120,163,425,RED,WEST,70,HIGH
113,120,713,520,GREEN,WEST,0,SAFE
123,80,342,705,RED,EAST,100,HIGH
47,120,1433,313,YELLOW,NORTH,10,SAFE
40,120,806,615,RED,SOUTH,30,MEDIUM
68,110,688,454,GREEN,NORTH,0,SAFE
65,90,742,249,RED,EAST,30,MEDIUM
88,80,1193,119,RED,SOUTH,60,MEDIUM
119,120,1442,502,RED,NORTH,30,MEDIUM
111,80,279,764,RED,SOUTH,100,HIGH
107,80,1668,544,GREEN,SOUTH,30,MEDIUM
45,80,1429,470,YELLOW,EAST,10,SAFE
95,90,311,235,GREEN,EAST,30,MEDIUM
54,90,778,615,GREEN,NORTH,0,SAFE
127,120,948,401,GREEN,EAST,30,MEDIUM
93,90,924,595,GREEN,SOUTH,30,MEDIUM
130,100,319,727,GREEN,WEST,70,HIGH
86,110,1567,479,RED,SOUTH,30,MEDIUM
111,80,1250,193,RED,NORTH,60,MEDIUM
95,90,1912,266,RED,EAST,60,MEDIUM
41,100,1899,195,YELLOW,SOUTH,10,SAFE
83,100,1124,551,GREEN,WEST,0,SAFE
89,110,1109,365,YELLOW,NORTH,10,SAFE
45,90,1871,677,YELLOW,NORTH,10,SAFE
81,80,1624,713,GREEN,WEST,30,MEDIUM
47,80,1761,326,GREEN,EAST,0,SAFE
95,110,1567,126,GREEN,NORTH,0,SAFE
40,90,1470,499,RED,NORTH,30,MEDIUM
72,90,193,744,RED,NORTH,70,HIGH
97,100,939,791,YELLOW,WEST,10,SAFE
85,90,676,171,RED,WEST,30,MEDIUM
51,80,447,598,RED,EAST,70,HIGH
64,110,1027,269,YELLOW,SOUTH,10,SAFE
81,110,994,466,GREEN,EAST,0,SAFE
68,100,663,133,GREEN,WEST,0,SAFE
121,80,1696,226,RED,EAST,60,MEDIUM
58,100,164,635,RED,NORTH,70,HIGH
88,110,371,279,YELLOW,SOUTH,10,SAFE
96,110,203,531,GREEN,SOUTH,40,MEDIUM
61,90,1173,111,YELLOW,NORTH,10,SAFE
40,100,782,107,YELLOW,NORTH,10,SAFE
111,110,1249,605,RED,NORTH,60,MEDIUM
68,80,1012,733,RED,WEST,30,MEDIUM
64,90,626,571,YELLOW,NORTH,10,SAFE
118,90,1037,290,YELLOW,WEST,40,MEDIUM
102,110,1789,508,YELLOW,WEST,10,SAFE
90,120,489,361,YELLOW,WEST,10,SAFE
67,100,1590,185,RED,EAST,30,MEDIUM
54,100,1522,455,YELLOW,NORTH,10,SAFE
89,120,1872,665,YELLOW,NORTH,10,SAFE
90,90,1021,476,GREEN,EAST,0,SAFE
93,120,425,489,RED,NORTH,70,HIGH
73,90,1819,470,YELLOW,NORTH,10,SAFE
40,120,1292,236,GREEN,NORTH,0,SAFE
110,110,832,340,GREEN,WEST,0,SAFE
106,100,325,142,RED,NORTH,60,MEDIUM
121,110,1556,786,YELLOW,SOUTH,40,MEDIUM
119,100,1253,481,GREEN,SOUTH,30,MEDIUM
64,100,1938,627,YELLOW,SOUTH,10,SAFE
90,90,550,360,GREEN,NORTH,0,SAFE
42,90,1890,152,YELLOW,WEST,10,SAFE
103,90,1825,655,YELLOW,SOUTH,40,MEDIUM
51,80,696,181,GREEN,EAST,0,SAFE
117,110,1836,123,YELLOW,SOUTH,40,MEDIUM
111,100,1156,254,GREEN,EAST,30,MEDIUM
123,100,370,215,YELLOW,NORTH,40,MEDIUM
126,120,595,567,YELLOW,SOUTH,40,MEDIUM
130,90,643,175,GREEN,SOUTH,30,MEDIUM
76,90,1279,312,GREEN,NORTH,0,SAFE
42,80,251,765,RED,WEST,70,HIGH
105,80,1854,692,RED,NORTH,60,MEDIUM
99,110,1714,511,GREEN,EAST,0,SAFE
120,110,292,590,GREEN,SOUTH,70,HIGH
75,90,640,461,GREEN,WEST,0,SAFE
80,80,1559,543,YELLOW,SOUTH,10,SAFE
104,80,762,495,GREEN,NORTH,30,MEDIUM
78,80,1128,428,RED,WEST,30,MEDIUM
43,90,968,746,GREEN,EAST,0,SAFE
66,90,515,406,GREEN,EAST,0,SAFE
53,100,1585,417,GREEN,SOUTH,0,SAFE
103,80,1392,776,RED,WEST,60,MEDIUM
81,110,105,268,GREEN,WEST,40,MEDIUM
40,100,1907,483,RED,EAST,30,MEDIUM
40,120,140,455,GREEN,SOUTH,40,MEDIUM
104,80,343,212,GREEN,WEST,30,MEDIUM
57,90,919,128,GREEN,WEST,0,SAFE
63,80,1100,173,RED,NORTH,30,MEDIUM
71,90,279,467,GREEN,SOUTH,40,MEDIUM
94,100,259,393,YELLOW,SOUTH,50,MEDIUM
82,100,1139,771,GREEN,NORTH,0,SAFE
77,90,174,731,YELLOW,SOUTH,50,MEDIUM
60,120,1198,223,RED,NORTH,30,MEDIUM
120,110,1299,211,YELLOW,SOUTH,40,MEDIUM
107,100,1362,148,YELLOW,EAST,40,MEDIUM
101,80,703,277,GREEN,EAST,30,MEDIUM
106,110,1620,761,GREEN,EAST,0,SAFE
81,100,1241,325,RED,NORTH,30,MEDIUM
73,100,1242,588,YELLOW,WEST,10,SAFE
86,120,411,395,YELLOW,EAST,10,SAFE
105,90,1491,561,RED,SOUTH,60,MEDIUM
104,120,339,685,YELLOW,SOUTH,50,MEDIUM
59,120,646,497,GREEN,NORTH,0,SAFE
130,80,1330,672,GREEN,NORTH,30,MEDIUM
113,90,1511,261,RED,WEST,60,MEDIUM
69,80,770,109,RED,WEST,30,MEDIUM
72,110,1180,679,GREEN,EAST,0,SAFE
97,110,129,375,RED,SOUTH,70,HIGH
78,80,345,537,RED,NORTH,70,HIGH
105,90,374,453,GREEN,EAST,70,HIGH
126,120,504,617,RED,EAST,100,HIGH
123,100,173,220,YELLOW,SOUTH,80,HIGH
52,90,269,719,RED,NORTH,70,HIGH
117,110,331,606,RED,WEST,100,HIGH
84,100,1436,255,RED,SOUTH,30,MEDIUM
47,100,1751,335,RED,WEST,30,MEDIUM
118,80,1371,523,YELLOW,NORTH,40,MEDIUM
110,110,249,552,GREEN,SOUTH,40,MEDIUM
76,100,586,168,RED,NORTH,30,MEDIUM
78,120,150,228,RED,WEST,70,HIGH
83,110,849,296,GREEN,NORTH,0,SAFE
62,100,1950,118,YELLOW,NORTH,10,SAFE
88,90,752,236,YELLOW,SOUTH,10,SAFE
42,90,291,619,GREEN,EAST,40,MEDIUM
119,100,981,451,GREEN,WEST,30,MEDIUM
48,110,1040,654,GREEN,EAST,0,SAFE
106,110,988,522,GREEN,NORTH,0,SAFE
40,110,1689,293,YELLOW,WEST,10,SAFE
105,90,1699,455,GREEN,EAST,30,MEDIUM
125,110,825,262,GREEN,SOUTH,30,MEDIUM
43,80,1830,490,YELLOW,NORTH,10,SAFE
113,120,1841,693,GREEN,EAST,0,SAFE
69,120,898,258,YELLOW,NORTH,10,SAFE
104,100,517,743,YELLOW,SOUTH,80,HIGH
117,110,1203,204,RED,EAST,60,MEDIUM
104,100,1606,636,YELLOW,NORTH,40,MEDIUM
81,120,805,344,RED,SOUTH,30,MEDIUM
73,120,215,687,YELLOW,NORTH,50,MEDIUM
63,120,1074,744,RED,WEST,30,MEDIUM
57,100,879,748,YELLOW,NORTH,10,SAFE
127,120,672,565,GREEN,WEST,30,MEDIUM
113,120,352,529,RED,SOUTH,70,HIGH
57,80,1382,141,YELLOW,NORTH,10,SAFE
69,80,475,198,GREEN,SOUTH,0,SAFE
126,110,878,437,YELLOW,NORTH,40,MEDIUM
103,110,1621,791,GREEN,EAST,0,SAFE
41,110,1443,541,GREEN,WEST,0,SAFE
108,110,1589,155,YELLOW,WEST,10,SAFE
58,100,1977,387,RED,NORTH,30,MEDIUM
82,120,1153,765,RED,SOUTH,30,MEDIUM
103,100,1312,712,RED,WEST,60,MEDIUM
43,100,287,343,YELLOW,NORTH,50,MEDIUM
105,100,1297,749,YELLOW,NORTH,40,MEDIUM
118,100,1758,255,RED,WEST,60,MEDIUM
127,110,1399,583,GREEN,SOUTH,30,MEDIUM
117,100,1000,313,RED,EAST,60,MEDIUM
94,90,1594,731,GREEN,NORTH,30,MEDIUM
74,120,1492,633,RED,SOUTH,30,MEDIUM
74,120,1400,585,RED,NORTH,30,MEDIUM
50,90,1330,431,RED,WEST,30,MEDIUM
75,90,2000,449,RED,SOUTH,30,MEDIUM
42,90,401,465,GREEN,EAST,40,MEDIUM
43,110,1282,453,YELLOW,WEST,10,SAFE
112,120,252,589,GREEN,NORTH,40,MEDIUM
102,120,1329,250,RED,EAST,30,MEDIUM
111,120,779,320,GREEN,EAST,0,SAFE
94,80,316,563,YELLOW,WEST,80,HIGH
42,120,1677,662,RED,NORTH,30,MEDIUM
50,80,808,483,YELLOW,SOUTH,10,SAFE
91,120,456,401,YELLOW,WEST,10,SAFE
74,120,1164,744,GREEN,EAST,0,SAFE
124,80,541,265,YELLOW,WEST,40,MEDIUM
105,80,1436,525,RED,WEST,60,MEDIUM
84,120,1572,725,GREEN,SOUTH,0,SAFE
112,80,391,126,GREEN,WEST,30,MEDIUM
63,90,1594,235,RED,SOUTH,30,MEDIUM
55,120,1825,206,RED,SOUTH,30,MEDIUM
67,110,1388,285,YELLOW,NORTH,10,SAFE
72,80,1634,272,GREEN,EAST,0,SAFE
101,80,1120,256,RED,SOUTH,60,MEDIUM
86,110,942,613,YELLOW,EAST,10,SAFE
73,80,1571,282,YELLOW,WEST,10,SAFE
68,90,1734,376,YELLOW,NORTH,10,SAFE
85,90,123,388,YELLOW,SOUTH,50,MEDIUM
57,110,1489,717,YELLOW,WEST,10,SAFE
92,110,1198,336,RED,NORTH,30,MEDIUM
128,100,705,540,RED,SOUTH,60,MEDIUM
64,80,1643,497,RED,EAST,30,MEDIUM
52,90,390,446,YELLOW,NORTH,50,MEDIUM
118,120,1239,152,GREEN,EAST,0,SAFE
93,100,106,713,YELLOW,WEST,50,MEDIUM
118,90,169,137,GREEN,SOUTH,30,MEDIUM
55,80,762,277,GREEN,EAST,0,SAFE
113,120,1121,454,GREEN,NORTH,0,SAFE
115,90,672,536,YELLOW,SOUTH,40,MEDIUM
120,120,276,639,YELLOW,EAST,50,MEDIUM
104,110,1799,414,RED,NORTH,30,MEDIUM
113,120,951,486,YELLOW,SOUTH,10,SAFE
72,120,1649,572,YELLOW,SOUTH,10,SAFE
81,80,600,499,RED,NORTH,60,MEDIUM
66,90,736,155,RED,NORTH,30,MEDIUM
94,90,1177,781,YELLOW,WEST,40,MEDIUM
59,100,209,150,GREEN,NORTH,0,SAFE
68,90,1046,262,YELLOW,EAST,10,SAFE
76,100,318,146,GREEN,EAST,0,SAFE
82,80,652,208,YELLOW,WEST,40,MEDIUM
120,120,1365,745,RED,WEST,30,MEDIUM
60,80,1331,401,YELLOW,WEST,10,SAFE
62,110,117,402,GREEN,WEST,40,MEDIUM
119,90,1758,271,YELLOW,WEST,40,MEDIUM
100,80,1639,463,GREEN,EAST,30,MEDIUM
119,80,1108,328,GREEN,SOUTH,30,MEDIUM
99,80,1193,139,RED,NORTH,60,MEDIUM
85,120,514,181,YELLOW,NORTH,10,SAFE
42,90,357,763,YELLOW,EAST,50,MEDIUM
56,120,525,198,RED,NORTH,30,MEDIUM
125,120,777,434,GREEN,SOUTH,30,MEDIUM
64,90,1281,296,YELLOW,WEST,10,SAFE
55,100,1373,258,GREEN,NORTH,0,SAFE
91,100,943,694,GREEN,NORTH,0,SAFE
79,120,641,292,YELLOW,NORTH,10,SAFE
94,120,1013,276,GREEN,NORTH,0,SAFE
118,90,375,327,GREEN,SOUTH,30,MEDIUM
122,90,509,511,GREEN,NORTH,70,HIGH
112,80,316,489,GREEN,SOUTH,70,HIGH
87,90,944,611,YELLOW,SOUTH,10,SAFE
72,80,446,775,GREEN,WEST,40,MEDIUM
79,80,1600,730,GREEN,EAST,0,SAFE
124,120,355,579,YELLOW,WEST,80,HIGH
89,110,259,741,RED,NORTH,70,HIGH
52,100,875,428,RED,NORTH,30,MEDIUM
86,90,171,577,RED,WEST,70,HIGH
106,80,1325,146,RED,WEST,60,MEDIUM
107,120,1232,387,YELLOW,SOUTH,10,SAFE
109,100,1817,789,RED,NORTH,60,MEDIUM
48,110,1252,410,GREEN,NORTH,0,SAFE
102,120,570,577,RED,SOUTH,70,HIGH
50,90,1927,123,RED,EAST,30,MEDIUM
68,110,374,535,RED,WEST,70,HIGH
79,80,905,781,RED,NORTH,30,MEDIUM
115,90,1673,590,GREEN,EAST,30,MEDIUM
42,110,1003,789,GREEN,WEST,0,SAFE
51,90,1718,720,GREEN,WEST,0,SAFE
94,110,1383,766,GREEN,WEST,0,SAFE
45,80,1431,541,YELLOW,SOUTH,10,SAFE
43,120,1558,536,YELLOW,SOUTH,10,SAFE
97,90,1576,495,GREEN,EAST,30,MEDIUM
84,100,1100,575,YELLOW,NORTH,10,SAFE
121,80,633,521,YELLOW,NORTH,40,MEDIUM
59,120,1357,404,YELLOW,NORTH,10,SAFE
51,110,1049,673,YELLOW,SOUTH,10,SAFE
52,120,209,312,RED,SOUTH,70,HIGH
58,80,992,122,RED,EAST,30,MEDIUM
122,90,1818,482,YELLOW,WEST,40,MEDIUM
124,120,198,150,RED,NORTH,60,MEDIUM
67,80,1728,128,GREEN,NORTH,0,SAFE
71,90,1471,482,RED,WEST,30,MEDIUM
108,80,159,288,GREEN,EAST,70,HIGH
95,80,932,483,GREEN,NORTH,30,MEDIUM
48,90,560,591,RED,SOUTH,70,HIGH
96,80,631,154,YELLOW,NORTH,40,MEDIUM
47,110,857,525,GREEN,WEST,0,SAFE
130,110,1422,746,RED,SOUTH,60,MEDIUM
59,90,1696,122,RED,EAST,30,MEDIUM
61,90,1727,424,RED,EAST,30,MEDIUM
62,100,1893,212,YELLOW,SOUTH,10,SAFE
105,90,636,732,RED,WEST,100,HIGH
111,100,1713,474,GREEN,EAST,30,MEDIUM
121,80,911,484,GREEN,SOUTH,30,MEDIUM
48,90,1145,620,GREEN,NORTH,0,SAFE
126,80,791,773,GREEN,WEST,30,MEDIUM
92,110,424,168,RED,SOUTH,30,MEDIUM
115,110,1875,157,RED,NORTH,60,MEDIUM
52,80,419,744,YELLOW,WEST,50,MEDIUM
82,110,794,296,YELLOW,WEST,10,SAFE
97,80,444,236,GREEN,NORTH,30,MEDIUM
55,100,148,634,RED,SOUTH,70,HIGH
53,80,472,435,GREEN,SOUTH,0,SAFE
41,90,299,594,RED,WEST,70,HIGH
41,110,516,452,RED,EAST,30,MEDIUM
110,120,1467,148,RED,NORTH,30,MEDIUM
106,120,907,779,GREEN,NORTH,0,SAFE
104,80,301,590,RED,NORTH,100,HIGH
129,120,1807,464,GREEN,WEST,30,MEDIUM
115,120,1123,465,YELLOW,EAST,10,SAFE
40,110,1772,345,YELLOW,EAST,10,SAFE
97,120,128,782,YELLOW,WEST,50,MEDIUM
64,120,1510,435,YELLOW,SOUTH,10,SAFE
111,80,172,103,RED,SOUTH,60,MEDIUM
106,100,348,153,GREEN,WEST,30,MEDIUM
56,90,1083,399,GREEN,EAST,0,SAFE
56,90,507,482,GREEN,SOUTH,0,SAFE
110,80,1896,579,YELLOW,SOUTH,40,MEDIUM
42,110,1610,675,GREEN,WEST,0,SAFE
107,120,1265,154,RED,WEST,30,MEDIUM
76,90,811,389,YELLOW,EAST,10,SAFE
57,80,1479,281,RED,EAST,30,MEDIUM
84,100,1419,338,GREEN,EAST,0,SAFE
40,90,231,109,RED,WEST,30,MEDIUM
45,80,1146,684,RED,WEST,30,MEDIUM
53,90,1221,200,RED,EAST,30,MEDIUM
66,80,1224,226,RED,NORTH,30,MEDIUM
47,90,530,733,RED,SOUTH,70,HIGH
130,110,969,800,RED,EAST,60,MEDIUM
115,90,1321,118,GREEN,EAST,30,MEDIUM
82,100,1647,422,YELLOW,NORTH,10,SAFE
46,110,895,217,YELLOW,SOUTH,10,SAFE
128,90,168,729,YELLOW,WEST,80,HIGH
102,90,1042,663,YELLOW,SOUTH,40,MEDIUM
92,120,1527,601,YELLOW,SOUTH,10,SAFE
121,90,1171,182,YELLOW,NORTH,40,MEDIUM
41,90,668,366,RED,WEST,30,MEDIUM
53,100,985,314,RED,WEST,30,MEDIUM
78,80,1142,711,YELLOW,SOUTH,10,SAFE
108,120,1158,123,RED,WEST,30,MEDIUM
112,120,729,296,RED,SOUTH,30,MEDIUM
48,100,965,467,RED,WEST,30,MEDIUM
96,80,315,208,YELLOW,NORTH,40,MEDIUM
50,110,1561,713,YELLOW,NORTH,10,SAFE
55,80,763,698,RED,EAST,30,MEDIUM
85,120,1123,708,YELLOW,NORTH,10,SAFE
55,80,1579,391,RED,SOUTH,30,MEDIUM
76,100,1924,573,RED,NORTH,30,MEDIUM
126,90,883,175,YELLOW,SOUTH,40,MEDIUM
42,120,109,476,YELLOW,WEST,50,MEDIUM
88,90,392,603,YELLOW,SOUTH,50,MEDIUM
96,110,570,213,RED,EAST,30,MEDIUM
72,100,306,655,YELLOW,WEST,50,MEDIUM
54,120,982,188,RED,EAST,30,MEDIUM
107,90,515,180,GREEN,NORTH,30,MEDIUM
65,90,946,724,GREEN,NORTH,0,SAFE
88,120,1093,117,GREEN,WEST,0,SAFE
69,110,336,408,RED,EAST,70,HIGH
106,80,989,766,YELLOW,SOUTH,40,MEDIUM
96,100,1485,457,GREEN,WEST,0,SAFE
77,100,1059,464,GREEN,SOUTH,0,SAFE
105,120,675,184,RED,EAST,30,MEDIUM
110,110,1524,757,YELLOW,EAST,10,SAFE
99,120,1375,108,RED,NORTH,30,MEDIUM
99,80,544,145,YELLOW,EAST,40,MEDIUM
69,90,1232,181,GREEN,NORTH,0,SAFE
123,80,1262,690,GREEN,NORTH,30,MEDIUM
100,100,1443,469,YELLOW,WEST,10,SAFE
48,80,1031,260,RED,NORTH,30,MEDIUM
119,90,1483,498,GREEN,EAST,30,MEDIUM
121,90,883,518,YELLOW,NORTH,40,MEDIUM
48,120,669,257,YELLOW,SOUTH,10,SAFE
103,100,494,551,YELLOW,NORTH,80,HIGH
55,120,859,524,YELLOW,SOUTH,10,SAFE
87,90,423,463,YELLOW,SOUTH,50,MEDIUM
54,120,1648,187,GREEN,SOUTH,0,SAFE
64,100,473,185,RED,SOUTH,30,MEDIUM
98,110,621,541,RED,SOUTH,30,MEDIUM
49,100,807,437,GREEN,NORTH,0,SAFE
79,90,665,674,YELLOW,WEST,50,MEDIUM
82,110,1534,366,YELLOW,SOUTH,10,SAFE
114,100,505,591,RED,EAST,100,HIGH
107,90,441,355,GREEN,SOUTH,30,MEDIUM
124,80,566,450,RED,NORTH,60,MEDIUM
107,120,515,639,RED,EAST,70,HIGH
86,80,1381,112,RED,EAST,60,MEDIUM
41,100,789,382,RED,EAST,30,MEDIUM
68,90,1896,600,YELLOW,SOUTH,10,SAFE
130,120,443,263,RED,WEST,60,MEDIUM
121,110,488,793,RED,NORTH,100,HIGH
65,80,479,327,RED,EAST,30,MEDIUM
107,110,1533,269,RED,SOUTH,30,MEDIUM
101,80,313,552,GREEN,WEST,70,HIGH
126,110,915,133,YELLOW,WEST,40,MEDIUM
117,90,1343,572,GREEN,NORTH,30,MEDIUM
44,100,1601,532,YELLOW,EAST,10,SAFE
97,80,923,381,GREEN,WEST,30,MEDIUM
62,90,1342,554,GREEN,NORTH,0,SAFE
107,110,1387,658,YELLOW,EAST,10,SAFE
80,100,1741,212,GREEN,SOUTH,0,SAFE
122,120,412,356,RED,EAST,60,MEDIUM
40,80,1916,518,GREEN,WEST,0,SAFE
129,110,194,269,GREEN,EAST,70,HIGH
46,120,100,159,YELLOW,NORTH,50,MEDIUM
121,100,584,314,RED,EAST,60,MEDIUM
60,80,1393,268,GREEN,WEST,0,SAFE
96,110,571,595,YELLOW,EAST,50,MEDIUM
47,120,138,107,YELLOW,NORTH,10,SAFE
68,90,331,259,YELLOW,NORTH,10,SAFE
93,120,1827,103,GREEN,SOUTH,0,SAFE
99,100,486,796,GREEN,NORTH,40,MEDIUM
95,90,1923,660,YELLOW,SOUTH,40,MEDIUM
119,120,1303,766,GREEN,EAST,0,SAFE
130,80,1638,236,YELLOW,SOUTH,40,MEDIUM
99,110,1477,697,YELLOW,NORTH,10,SAFE
113,100,1192,714,YELLOW,EAST,40,MEDIUM
70,100,1704,346,YELLOW,SOUTH,10,SAFE
43,90,1289,639,YELLOW,WEST,10,SAFE
116,110,1480,260,GREEN,NORTH,30,MEDIUM
73,100,1251,411,YELLOW,SOUTH,10,SAFE
42,110,1424,730,GREEN,NORTH,0,SAFE
64,80,767,771,YELLOW,SOUTH,50,MEDIUM
105,90,1914,594,GREEN,EAST,30,MEDIUM
41,100,901,221,YELLOW,NORTH,10,SAFE
119,110,1294,365,GREEN,NORTH,30,MEDIUM
54,80,349,566,YELLOW,EAST,50,MEDIUM
83,100,839,180,RED,NORTH,30,MEDIUM
75,110,323,546,GREEN,WEST,40,MEDIUM
109,80,1662,730,GREEN,SOUTH,30,MEDIUM
50,120,718,341,YELLOW,NORTH,10,SAFE
126,120,362,115,YELLOW,SOUTH,40,MEDIUM
80,120,284,348,YELLOW,SOUTH,50,MEDIUM
59,120,1176,106,RED,WEST,30,MEDIUM
117,80,826,739,GREEN,NORTH,30,MEDIUM
84,110,1870,567,GREEN,SOUTH,0,SAFE
57,80,1219,276,YELLOW,EAST,10,SAFE
67,90,1155,387,RED,NORTH,30,MEDIUM
98,100,818,590,YELLOW,SOUTH,10,SAFE
109,90,1551,657,GREEN,SOUTH,30,MEDIUM
47,120,635,534,YELLOW,SOUTH,10,SAFE
123,90,1191,108,YELLOW,SOUTH,40,MEDIUM
114,120,239,480,RED,EAST,70,HIGH
116,110,147,672,YELLOW,EAST,80,HIGH
121,100,1413,679,RED,NORTH,60,MEDIUM
89,110,1718,505,YELLOW,SOUTH,10,SAFE
63,80,1949,791,RED,NORTH,30,MEDIUM
48,90,1580,147,RED,WEST,30,MEDIUM
113,120,129,238,YELLOW,SOUTH,50,MEDIUM
113,80,1553,298,RED,WEST,60,MEDIUM
111,120,1358,710,GREEN,SOUTH,0,SAFE
60,100,1603,413,YELLOW,NORTH,10,SAFE
110,100,386,308,GREEN,WEST,30,MEDIUM
57,100,333,654,RED,NORTH,70,HIGH
57,90,1598,695,GREEN,WEST,0,SAFE
118,90,946,680,YELLOW,SOUTH,40,MEDIUM
53,120,1130,491,GREEN,SOUTH,0,SAFE
42,80,782,712,GREEN,SOUTH,0,SAFE
93,120,627,140,GREEN,NORTH,0,SAFE
85,80,1102,355,RED,WEST,60,MEDIUM
109,100,1341,209,GREEN,EAST,30,MEDIUM
117,120,300,795,YELLOW,NORTH,50,MEDIUM
129,90,1841,253,GREEN,WEST,30,MEDIUM
102,110,1596,558,GREEN,WEST,0,SAFE
88,120,462,436,YELLOW,SOUTH,10,SAFE
90,120,1262,204,GREEN,NORTH,0,SAFE
45,80,1837,283,RED,NORTH,30,MEDIUM
128,110,1010,186,YELLOW,WEST,40,MEDIUM
90,80,1686,657,YELLOW,WEST,40,MEDIUM
107,90,1410,592,GREEN,WEST,30,MEDIUM
121,90,1993,663,GREEN,NORTH,30,MEDIUM
81,100,188,193,RED,EAST,70,HIGH
67,120,462,102,YELLOW,WEST,10,SAFE
124,80,991,579,GREEN,WEST,30,MEDIUM
92,120,1574,599,RED,SOUTH,30,MEDIUM
54,80,392,540,RED,NORTH,70,HIGH
76,90,648,683,RED,WEST,70,HIGH
123,100,618,329,YELLOW,NORTH,40,MEDIUM
81,90,1858,399,RED,SOUTH,30,MEDIUM
68,80,1000,216,YELLOW,WEST,10,SAFE
52,100,1083,404,YELLOW,NORTH,10,SAFE
91,80,1151,285,GREEN,SOUTH,30,MEDIUM
85,120,1128,137,YELLOW,EAST,10,SAFE
122,90,1683,123,YELLOW,SOUTH,40,MEDIUM
130,120,249,707,YELLOW,WEST,80,HIGH
53,100,1733,727,GREEN,EAST,0,SAFE
108,120,1538,315,GREEN,EAST,0,SAFE
91,120,1679,461,YELLOW,WEST,10,SAFE
95,100,1045,253,YELLOW,EAST,10,SAFE
62,120,1908,577,YELLOW,SOUTH,10,SAFE
95,110,1886,256,RED,EAST,30,MEDIUM
101,100,387,283,GREEN,WEST,30,MEDIUM
112,110,810,365,YELLOW,EAST,40,MEDIUM
111,110,307,146,GREEN,WEST,30,MEDIUM
82,120,781,406,YELLOW,SOUTH,10,SAFE
63,120,414,779,RED,EAST,70,HIGH
99,120,1997,393,YELLOW,WEST,10,SAFE
103,80,659,310,GREEN,EAST,30,MEDIUM
53,100,763,791,RED,EAST,70,HIGH
129,110,1639,613,YELLOW,EAST,40,MEDIUM
107,120,128,554,YELLOW,EAST,50,MEDIUM
48,80,860,180,RED,WEST,30,MEDIUM
48,120,1116,386,RED,NORTH,30,MEDIUM
73,90,1514,118,GREEN,EAST,0,SAFE
75,90,678,521,RED,EAST,30,MEDIUM
101,120,534,465,YELLOW,WEST,10,SAFE
121,110,530,247,RED,SOUTH,60,MEDIUM
110,120,681,488,YELLOW,SOUTH,10,SAFE
83,80,1934,599,GREEN,SOUTH,30,MEDIUM
60,120,1060,484,RED,SOUTH,30,MEDIUM
73,100,1947,379,GREEN,WEST,0,SAFE
96,80,445,463,GREEN,NORTH,70,HIGH
122,120,729,302,GREEN,WEST,30,MEDIUM
116,100,1308,372,YELLOW,WEST,40,MEDIUM
122,110,1157,461,YELLOW,SOUTH,40,MEDIUM
72,80,533,153,YELLOW,EAST,10,SAFE
104,90,756,694,RED,EAST,60,MEDIUM
45,90,1918,104,RED,SOUTH,30,MEDIUM
43,90,808,470,YELLOW,WEST,10,SAFE
50,80,445,131,YELLOW,WEST,10,SAFE
130,120,474,179,GREEN,EAST,30,MEDIUM
71,100,692,422,RED,NORTH,30,MEDIUM
59,100,1485,473,RED,NORTH,30,MEDIUM
48,90,720,348,GREEN,EAST,0,SAFE
57,100,1429,271,YELLOW,EAST,10,SAFE
100,110,844,251,RED,NORTH,30,MEDIUM
90,90,1681,699,GREEN,SOUTH,0,SAFE
61,100,122,353,YELLOW,EAST,50,MEDIUM
76,100,250,792,GREEN,NORTH,40,MEDIUM
85,90,1083,290,RED,SOUTH,30,MEDIUM
52,80,118,179,RED,EAST,70,HIGH
58,80,1016,719,YELLOW,WEST,10,SAFE
70,110,1729,381,YELLOW,EAST,10,SAFE
109,120,330,475,YELLOW,NORTH,50,MEDIUM
110,110,255,235,RED,SOUTH,30,MEDIUM
44,110,1404,249,RED,NORTH,30,MEDIUM
121,100,1014,800,GREEN,SOUTH,30,MEDIUM
108,90,1055,637,GREEN,SOUTH,30,MEDIUM
82,110,1881,678,RED,SOUTH,30,MEDIUM
55,110,841,555,RED,WEST,30,MEDIUM
50,100,591,159,RED,SOUTH,30,MEDIUM
105,90,1739,674,YELLOW,WEST,40,MEDIUM
75,120,1735,563,GREEN,NORTH,0,SAFE
107,110,1087,156,RED,SOUTH,30,MEDIUM
55,110,564,429,GREEN,WEST,0,SAFE
68,110,1281,531,RED,NORTH,30,MEDIUM
52,110,1681,469,GREEN,WEST,0,SAFE
126,110,1068,145,YELLOW,NORTH,40,MEDIUM
67,90,1934,161,GREEN,EAST,0,SAFE
80,80,354,341,GREEN,NORTH,0,SAFE
89,100,965,509,YELLOW,SOUTH,10,SAFE
84,110,1716,555,GREEN,NORTH,0,SAFE
99,80,273,127,YELLOW,SOUTH,40,MEDIUM
128,90,212,694,GREEN,EAST,70,HIGH
119,120,245,690,GREEN,SOUTH,40,MEDIUM
62,110,1734,700,RED,WEST,30,MEDIUM
112,80,1188,602,GREEN,EAST,30,MEDIUM
108,90,1683,277,RED,EAST,60,MEDIUM
107,90,1141,544,YELLOW,WEST,40,MEDIUM
96,80,666,433,RED,EAST,60,MEDIUM
44,100,1215,428,YELLOW,WEST,10,SAFE
103,120,1226,712,YELLOW,EAST,10,SAFE
81,110,1573,289,GREEN,WEST,0,SAFE
119,120,1234,374,GREEN,EAST,0,SAFE
95,110,1368,798,RED,EAST,30,MEDIUM
95,100,754,187,RED,EAST,30,MEDIUM
62,90,1311,386,YELLOW,EAST,10,SAFE
73,110,1448,362,GREEN,SOUTH,0,SAFE
124,110,800,566,GREEN,SOUTH,30,MEDIUM
95,80,1328,632,RED,SOUTH,60,MEDIUM
105,80,1374,206,GREEN,EAST,30,MEDIUM
78,90,528,209,YELLOW,EAST,10,SAFE
122,120,1033,256,GREEN,SOUTH,30,MEDIUM
76,100,464,351,RED,WEST,30,MEDIUM
88,80,1666,220,GREEN,EAST,30,MEDIUM
74,110,1283,302,RED,NORTH,30,MEDIUM
89,90,461,650,RED,NORTH,70,HIGH
109,120,445,517,RED,WEST,70,HIGH
53,120,368,724,YELLOW,EAST,50,MEDIUM
64,100,194,720,YELLOW,SOUTH,50,MEDIUM
104,90,1463,617,GREEN,EAST,30,MEDIUM
48,100,710,112,GREEN,NORTH,0,SAFE
49,120,1444,359,YELLOW,NORTH,10,SAFE
128,80,871,499,YELLOW,EAST,40,MEDIUM
44,110,1107,753,RED,NORTH,30,MEDIUM
49,100,199,702,GREEN,WEST,40,MEDIUM
65,90,1494,683,RED,WEST,30,MEDIUM
69,110,929,768,GREEN,NORTH,0,SAFE
71,110,1922,776,RED,WEST,30,MEDIUM
48,90,1732,349,GREEN,EAST,0,SAFE
121,90,1590,150,YELLOW,WEST,40,MEDIUM
127,90,1546,470,YELLOW,NORTH,40,MEDIUM
129,90,1038,631,RED,NORTH,60,MEDIUM
112,120,125,467,GREEN,EAST,40,MEDIUM
68,110,1419,520,GREEN,EAST,0,SAFE
127,100,303,666,GREEN,EAST,70,HIGH
120,90,120,292,RED,SOUTH,100,HIGH
84,90,1360,664,GREEN,SOUTH,0,SAFE
43,100,1634,697,GREEN,NORTH,0,SAFE
56,100,1293,502,RED,SOUTH,30,MEDIUM
51,110,1507,473,RED,WEST,30,MEDIUM
59,80,1188,673,GREEN,EAST,0,SAFE
71,90,1968,448,YELLOW,EAST,10,SAFE
104,100,129,361,RED,WEST,100,HIGH
78,100,1132,252,GREEN,EAST,0,SAFE
50,100,1032,289,YELLOW,EAST,10,SAFE
69,80,546,462,GREEN,SOUTH,0,SAFE
82,110,1006,317,RED,SOUTH,30,MEDIUM
127,110,150,357,GREEN,NORTH,70,HIGH
57,120,968,552,RED,NORTH,30,MEDIUM
128,110,977,764,YELLOW,SOUTH,40,MEDIUM
127,90,1353,161,GREEN,WEST,30,MEDIUM
100,100,765,424,YELLOW,NORTH,10,SAFE
53,100,790,416,GREEN,EAST,0,SAFE
44,100,621,574,RED,WEST,30,MEDIUM
68,120,1832,721,YELLOW,WEST,10,SAFE
68,90,1720,305,RED,WEST,30,MEDIUM
84,110,495,331,RED,SOUTH,30,MEDIUM
55,110,768,266,GREEN,NORTH,0,SAFE
40,120,848,330,YELLOW,NORTH,10,SAFE
114,110,1984,789,GREEN,EAST,30,MEDIUM
83,120,1651,352,GREEN,NORTH,0,SAFE
75,80,467,638,GREEN,SOUTH,40,MEDIUM
63,80,362,670,GREEN,WEST,40,MEDIUM
87,80,386,729,RED,WEST,100,HIGH
59,120,1794,118,RED,NORTH,30,MEDIUM
77,80,1888,273,RED,NORTH,30,MEDIUM
77,80,770,795,GREEN,NORTH,40,MEDIUM
80,100,934,180,RED,SOUTH,30,MEDIUM
50,100,1472,198,YELLOW,EAST,10,SAFE
95,120,606,457,YELLOW,SOUTH,10,SAFE
88,80,180,678,RED,SOUTH,100,HIGH
71,90,1926,167,GREEN,WEST,0,SAFE
52,80,1620,332,GREEN,WEST,0,SAFE
67,100,1665,230,YELLOW,EAST,10,SAFE
55,100,764,633,RED,WEST,30,MEDIUM
44,80,1293,223,GREEN,EAST,0,SAFE
52,110,1820,313,YELLOW,NORTH,10,SAFE
63,80,441,643,GREEN,NORTH,40,MEDIUM
98,100,773,441,YELLOW,NORTH,10,SAFE
99,120,1538,121,GREEN,WEST,0,SAFE
118,80,550,120,YELLOW,NORTH,40,MEDIUM
42,80,728,383,YELLOW,WEST,10,SAFE
118,100,220,554,GREEN,WEST,70,HIGH
54,110,1054,115,GREEN,EAST,0,SAFE
97,110,1934,378,GREEN,EAST,0,SAFE
114,100,229,684,GREEN,SOUTH,70,HIGH
87,120,248,401,RED,EAST,70,HIGH
67,90,1353,490,YELLOW,EAST,10,SAFE
116,80,1829,682,RED,SOUTH,60,MEDIUM
58,110,1543,306,RED,EAST,30,MEDIUM
56,80,1824,727,RED,NORTH,30,MEDIUM
66,110,1924,461,GREEN,EAST,0,SAFE
43,80,1948,271,GREEN,EAST,0,SAFE
76,120,589,644,GREEN,WEST,40,MEDIUM
114,80,1547,328,GREEN,SOUTH,30,MEDIUM
71,90,178,565,YELLOW,WEST,50,MEDIUM
68,110,1237,747,YELLOW,EAST,10,SAFE
54,120,1147,173,RED,SOUTH,30,MEDIUM
56,110,1228,596,YELLOW,NORTH,10,SAFE
95,100,1117,776,RED,WEST,30,MEDIUM
112,90,1730,208,RED,NORTH,60,MEDIUM
115,120,1925,322,YELLOW,NORTH,10,SAFE
46,90,416,440,RED,EAST,70,HIGH
113,100,1953,631,GREEN,NORTH,30,MEDIUM
88,120,1531,488,YELLOW,SOUTH,10,SAFE
80,120,1730,470,RED,WEST,30,MEDIUM
47,80,685,689,GREEN,WEST,40,MEDIUM
76,80,1333,747,YELLOW,NORTH,10,SAFE
124,80,416,274,RED,WEST,60,MEDIUM
56,100,1060,625,GREEN,SOUTH,0,SAFE
61,90,209,494,YELLOW,NORTH,50,MEDIUM
90,110,1167,473,RED,NORTH,30,MEDIUM
62,100,607,317,YELLOW,WEST,10,SAFE
114,120,397,468,GREEN,WEST,40,MEDIUM
55,90,641,421,GREEN,NORTH,0,SAFE
116,120,132,493,YELLOW,SOUTH,50,MEDIUM
56,110,398,673,YELLOW,EAST,50,MEDIUM
51,120,1516,364,GREEN,NORTH,0,SAFE
126,110,1890,584,YELLOW,EAST,40,MEDIUM
49,90,1606,424,RED,WEST,30,MEDIUM
115,120,1785,486,RED,WEST,30,MEDIUM
68,110,936,717,YELLOW,WEST,10,SAFE
76,90,418,133,RED,SOUTH,30,MEDIUM
59,100,988,435,GREEN,NORTH,0,SAFE
91,110,513,536,YELLOW,EAST,50,MEDIUM
81,110,508,288,RED,NORTH,30,MEDIUM
106,120,1084,508,GREEN,WEST,0,SAFE
64,110,314,351,YELLOW,SOUTH,50,MEDIUM
108,110,315,269,GREEN,NORTH,0,SAFE
65,90,1075,577,GREEN,NORTH,0,SAFE
40,120,634,596,RED,NORTH,30,MEDIUM
89,120,855,787,GREEN,NORTH,0,SAFE
106,80,579,153,RED,EAST,60,MEDIUM
89,110,1758,165,GREEN,NORTH,0,SAFE
57,90,750,635,GREEN,NORTH,0,SAFE
52,100,1653,380,RED,EAST,30,MEDIUM
44,100,1674,627,RED,NORTH,30,MEDIUM
83,110,138,401,GREEN,WEST,40,MEDIUM
100,110,739,213,GREEN,WEST,0,SAFE
51,120,320,166,YELLOW,EAST,10,SAFE
110,120,282,413,GREEN,NORTH,40,MEDIUM
85,90,256,443,GREEN,WEST,40,MEDIUM
56,80,360,775,RED,EAST,70,HIGH
105,120,1099,142,RED,WEST,30,MEDIUM
56,80,1725,554,GREEN,NORTH,0,SAFE
57,90,1414,541,RED,NORTH,30,MEDIUM
111,120,808,114,RED,SOUTH,30,MEDIUM
81,110,570,274,GREEN,WEST,0,SAFE
75,90,1478,226,RED,NORTH,30,MEDIUM
76,120,545,338,RED,SOUTH,30,MEDIUM
63,100,577,696,RED,WEST,70,HIGH
85,90,107,263,GREEN,SOUTH,40,MEDIUM
117,80,273,139,GREEN,NORTH,30,MEDIUM
59,110,350,798,RED,NORTH,70,HIGH
69,120,660,169,GREEN,NORTH,0,SAFE
63,80,1061,505,RED,EAST,30,MEDIUM
98,90,683,776,YELLOW,NORTH,80,HIGH
103,110,1591,573,RED,WEST,30,MEDIUM
43,120,1182,258,YELLOW,EAST,10,SAFE
130,100,552,608,YELLOW,SOUTH,80,HIGH
94,90,1459,472,RED,WEST,60,MEDIUM
91,90,594,506,YELLOW,WEST,40,MEDIUM
82,120,160,452,YELLOW,EAST,50,MEDIUM
115,120,801,754,YELLOW,SOUTH,10,SAFE
51,100,650,741,YELLOW,SOUTH,50,MEDIUM
119,90,1451,207,GREEN,EAST,30,MEDIUM
96,90,154,122,RED,NORTH,60,MEDIUM
54,120,705,126,YELLOW,WEST,10,SAFE
93,110,147,468,GREEN,NORTH,40,MEDIUM
40,120,482,482,RED,WEST,30,MEDIUM
105,110,655,576,YELLOW,SOUTH,10,SAFE
56,120,1673,644,YELLOW,EAST,10,SAFE
130,90,849,269,YELLOW,WEST,40,MEDIUM
121,110,1533,141,YELLOW,WEST,40,MEDIUM
54,80,113,161,GREEN,EAST,40,MEDIUM
119,100,1186,235,GREEN,SOUTH,30,MEDIUM
86,100,100,721,RED,NORTH,70,HIGH
59,90,171,245,YELLOW,WEST,50,MEDIUM
50,80,1505,629,GREEN,NORTH,0,SAFE
70,100,809,227,YELLOW,WEST,10,SAFE
60,80,1750,257,RED,WEST,30,MEDIUM
56,80,1215,636,RED,SOUTH,30,MEDIUM
76,80,693,515,RED,WEST,30,MEDIUM
108,110,864,486,GREEN,NORTH,0,SAFE
64,120,1063,450,GREEN,NORTH,0,SAFE
89,100,1545,371,YELLOW,NORTH,10,SAFE
45,100,1099,461,YELLOW,WEST,10,SAFE
87,80,1100,248,RED,SOUTH,60,MEDIUM
70,110,298,408,YELLOW,EAST,50,MEDIUM
123,80,748,149,GREEN,EAST,30,MEDIUM
98,120,194,443,YELLOW,EAST,50,MEDIUM
122,90,949,623,RED,EAST,60,MEDIUM
123,90,592,487,YELLOW,NORTH,40,MEDIUM
102,100,1911,440,RED,WEST,60,MEDIUM
45,90,1620,325,RED,NORTH,30,MEDIUM
123,110,1807,543,RED,WEST,60,MEDIUM
124,80,433,796,GREEN,WEST,70,HIGH
106,110,430,424,GREEN,EAST,0,SAFE
51,100,927,273,RED,SOUTH,30,MEDIUM
79,90,1652,719,YELLOW,WEST,10,SAFE
54,110,1101,568,GREEN,NORTH,0,SAFE
84,100,1919,236,RED,SOUTH,30,MEDIUM
59,90,1248,426,RED,SOUTH,30,MEDIUM
53,100,1843,466,YELLOW,NORTH,10,SAFE
45,110,285,399,YELLOW,WEST,50,MEDIUM
59,80,1469,395,RED,EAST,30,MEDIUM
54,100,1777,238,GREEN,NORTH,0,SAFE
119,120,1266,367,YELLOW,NORTH,10,SAFE
100,90,148,554,RED,SOUTH,100,HIGH
46,90,1337,796,YELLOW,WEST,10,SAFE
123,110,756,483,GREEN,NORTH,30,MEDIUM
129,90,199,101,YELLOW,WEST,40,MEDIUM
68,90,704,241,YELLOW,NORTH,10,SAFE
108,80,423,492,RED,WEST,100,HIGH
113,100,1462,454,YELLOW,EAST,40,MEDIUM
84,90,507,402,YELLOW,SOUTH,10,SAFE
123,90,1016,542,RED,SOUTH,60,MEDIUM
49,100,1896,770,GREEN,SOUTH,0,SAFE
72,80,1062,344,RED,NORTH,30,MEDIUM
67,80,1375,253,GREEN,WEST,0,SAFE
106,90,235,798,RED,EAST,100,HIGH
128,90,1123,433,YELLOW,SOUTH,40,MEDIUM
70,90,801,411,RED,WEST,30,MEDIUM
44,80,1330,636,GREEN,WEST,0,SAFE
62,110,785,541,YELLOW,EAST,10,SAFE
102,90,1817,204,RED,WEST,60,MEDIUM
115,100,1413,745,GREEN,SOUTH,30,MEDIUM
79,120,1678,499,RED,WEST,30,MEDIUM
56,80,1309,144,GREEN,EAST,0,SAFE
58,90,1011,631,RED,WEST,30,MEDIUM
109,80,1693,130,YELLOW,WEST,40,MEDIUM
71,80,1286,734,GREEN,EAST,0,SAFE
106,110,405,436,GREEN,WEST,40,MEDIUM
70,90,385,338,RED,EAST,30,MEDIUM
83,100,1074,757,YELLOW,NORTH,10,SAFE
129,110,1527,765,GREEN,SOUTH,30,MEDIUM
126,90,1580,567,RED,WEST,60,MEDIUM
110,90,765,571,GREEN,WEST,30,MEDIUM
64,100,1436,168,GREEN,SOUTH,0,SAFE
104,120,1489,170,YELLOW,WEST,10,SAFE
56,110,285,139,RED,EAST,30,MEDIUM
87,110,1805,208,YELLOW,SOUTH,10,SAFE
114,100,562,558,GREEN,EAST,30,MEDIUM
51,110,1197,675,YELLOW,NORTH,10,SAFE
74,100,1534,645,GREEN,WEST,0,SAFE
66,110,184,366,YELLOW,WEST,50,MEDIUM
79,80,1986,476,GREEN,WEST,0,SAFE
91,80,1243,539,RED,NORTH,60,MEDIUM
76,80,306,529,RED,WEST,70,HIGH
123,110,1488,724,YELLOW,SOUTH,40,MEDIUM
55,80,1639,706,GREEN,NORTH,0,SAFE
52,120,1650,229,GREEN,SOUTH,0,SAFE
60,110,1174,242,RED,NORTH,30,MEDIUM
92,90,233,503,GREEN,SOUTH,70,HIGH
44,90,970,637,RED,NORTH,30,MEDIUM
75,120,1626,516,RED,NORTH,30,MEDIUM
72,80,1901,240,RED,SOUTH,30,MEDIUM
112,100,1434,417,GREEN,NORTH,30,MEDIUM
128,80,1351,323,GREEN,NORTH,30,MEDIUM
56,100,904,468,RED,EAST,30,MEDIUM
117,80,1208,339,RED,SOUTH,60,MEDIUM
42,110,302,111,YELLOW,SOUTH,10,SAFE
54,120,459,468,RED,SOUTH,70,HIGH
51,120,856,164,GREEN,WEST,0,SAFE
91,120,550,524,RED,NORTH,30,MEDIUM
55,100,1600,591,RED,EAST,30,MEDIUM
59,110,400,728,GREEN,SOUTH,40,MEDIUM
70,100,1404,395,YELLOW,SOUTH,10,SAFE
75,100,1116,367,YELLOW,NORTH,10,SAFE
71,80,1397,321,RED,NORTH,30,MEDIUM
104,90,560,277,RED,WEST,60,MEDIUM
92,80,281,308,RED,NORTH,100,HIGH
59,90,850,700,RED,NORTH,30,MEDIUM
56,90,1634,536,GREEN,EAST,0,SAFE
71,120,969,565,YELLOW,EAST,10,SAFE
119,120,1850,658,YELLOW,WEST,10,SAFE
51,120,1225,106,RED,SOUTH,30,MEDIUM
65,80,1130,146,RED,WEST,30,MEDIUM
56,110,233,798,RED,EAST,70,HIGH
123,110,1751,571,YELLOW,WEST,40,MEDIUM
73,80,1751,167,YELLOW,NORTH,10,SAFE
119,110,1661,585,RED,SOUTH,60,MEDIUM
75,90,1468,669,GREEN,NORTH,0,SAFE
62,110,1161,577,RED,NORTH,30,MEDIUM
104,120,745,492,YELLOW,NORTH,10,SAFE
46,110,1070,407,YELLOW,EAST,10,SAFE
89,100,1790,493,YELLOW,NORTH,10,SAFE
41,90,1521,709,RED,NORTH,30,MEDIUM
51,100,1171,180,YELLOW,SOUTH,10,SAFE
62,110,854,551,RED,WEST,30,MEDIUM
126,100,613,443,RED,NORTH,60,MEDIUM
70,110,967,524,GREEN,EAST,0,SAFE
78,110,1363,205,GREEN,NORTH,0,SAFE
80,120,1418,421,GREEN,SOUTH,0,SAFE
45,100,326,671,YELLOW,SOUTH,50,MEDIUM
94,80,1074,429,GREEN,WEST,30,MEDIUM
103,90,1622,425,RED,WEST,60,MEDIUM
98,90,702,744,RED,NORTH,100,HIGH
103,100,761,195,GREEN,SOUTH,30,MEDIUM
53,90,468,798,YELLOW,WEST,50,MEDIUM
118,120,1843,192,RED,WEST,30,MEDIUM
81,90,1609,465,YELLOW,SOUTH,10,SAFE
114,90,1981,496,YELLOW,SOUTH,40,MEDIUM
107,120,258,492,RED,WEST,70,HIGH
99,120,1611,796,YELLOW,NORTH,10,SAFE
99,120,1226,660,RED,NORTH,30,MEDIUM
50,110,654,467,GREEN,NORTH,0,SAFE
123,90,1897,447,RED,WEST,60,MEDIUM
50,120,899,586,RED,WEST,30,MEDIUM
43,100,816,298,GREEN,EAST,0,SAFE
108,100,774,165,GREEN,SOUTH,30,MEDIUM
53,100,896,550,RED,EAST,30,MEDIUM
50,90,361,367,YELLOW,WEST,50,MEDIUM
107,110,1930,494,YELLOW,EAST,10,SAFE
88,90,1762,182,YELLOW,SOUTH,10,SAFE
128,100,1547,354,RED,WEST,60,MEDIUM
43,120,767,153,RED,EAST,30,MEDIUM
57,120,1620,199,YELLOW,EAST,10,SAFE
74,100,1676,243,YELLOW,EAST,10,SAFE
110,120,516,726,YELLOW,SOUTH,50,MEDIUM
109,100,173,544,GREEN,SOUTH,70,HIGH
85,100,659,211,GREEN,SOUTH,0,SAFE
47,80,1960,243,GREEN,WEST,0,SAFE
55,120,805,689,GREEN,WEST,0,SAFE
42,90,878,608,GREEN,EAST,0,SAFE
78,120,590,634,RED,WEST,70,HIGH
126,110,356,445,YELLOW,WEST,80,HIGH
117,80,1866,126,YELLOW,EAST,40,MEDIUM
45,100,1213,200,YELLOW,NORTH,10,SAFE
55,90,446,600,GREEN,SOUTH,40,MEDIUM
104,120,1997,475,YELLOW,NORTH,10,SAFE
65,90,258,554,YELLOW,NORTH,50,MEDIUM
58,90,1699,435,YELLOW,NORTH,10,SAFE
129,120,569,620,YELLOW,SOUTH,80,HIGH
113,100,288,269,YELLOW,SOUTH,40,MEDIUM
41,90,446,655,GREEN,EAST,40,MEDIUM
52,90,1462,168,GREEN,EAST,0,SAFE
117,120,1156,464,RED,WEST,30,MEDIUM
119,110,1313,531,YELLOW,NORTH,40,MEDIUM
102,110,895,742,RED,SOUTH,30,MEDIUM
44,120,1023,635,RED,NORTH,30,MEDIUM
42,100,842,689,RED,EAST,30,MEDIUM
94,90,1869,572,GREEN,NORTH,30,MEDIUM
93,90,588,145,GREEN,SOUTH,30,MEDIUM
100,80,1347,338,GREEN,NORTH,30,MEDIUM
100,80,1868,585,RED,SOUTH,60,MEDIUM
129,100,1754,520,YELLOW,NORTH,40,MEDIUM
103,100,1157,343,RED,WEST,60,MEDIUM
72,100,1692,364,RED,WEST,30,MEDIUM
85,100,1706,344,YELLOW,EAST,10,SAFE
69,90,600,765,YELLOW,NORTH,50,MEDIUM
98,110,496,185,RED,EAST,30,MEDIUM
117,90,1522,461,GREEN,WEST,30,MEDIUM
58,120,464,709,RED,WEST,70,HIGH
67,90,1603,279,RED,EAST,30,MEDIUM
60,110,1244,567,GREEN,EAST,0,SAFE
90,110,1195,520,GREEN,SOUTH,0,SAFE
56,100,304,326,GREEN,WEST,40,MEDIUM
60,110,105,571,RED,EAST,70,HIGH
101,120,264,306,GREEN,EAST,40,MEDIUM
94,110,1624,591,RED,NORTH,30,MEDIUM
116,120,1580,758,GREEN,NORTH,0,SAFE
50,80,590,549,YELLOW,WEST,10,SAFE
67,110,1615,502,RED,SOUTH,30,MEDIUM
112,120,1225,491,GREEN,NORTH,0,SAFE
122,90,592,375,RED,NORTH,60,MEDIUM
111,80,1106,184,RED,WEST,60,MEDIUM
115,80,1834,238,GREEN,SOUTH,30,MEDIUM
93,100,478,158,YELLOW,EAST,10,SAFE
59,120,603,132,GREEN,NORTH,0,SAFE
80,100,1213,557,RED,SOUTH,30,MEDIUM
73,90,1984,100,RED,SOUTH,30,MEDIUM
97,100,1922,322,YELLOW,NORTH,10,SAFE
129,100,203,128,GREEN,SOUTH,30,MEDIUM
46,110,1979,352,GREEN,EAST,0,SAFE
49,110,194,705,RED,SOUTH,70,HIGH
67,100,488,421,GREEN,EAST,0,SAFE
89,110,482,610,YELLOW,SOUTH,50,MEDIUM
54,100,1325,398,YELLOW,EAST,10,SAFE
62,110,1522,618,GREEN,WEST,0,SAFE
66,90,1088,268,GREEN,WEST,0,SAFE
103,100,1730,497,RED,NORTH,60,MEDIUM
90,80,235,437,RED,NORTH,100,HIGH
105,120,310,634,RED,SOUTH,70,HIGH
42,120,574,552,GREEN,SOUTH,0,SAFE
120,80,1866,260,YELLOW,NORTH,40,MEDIUM
84,100,778,591,YELLOW,WEST,10,SAFE
103,90,1912,357,GREEN,EAST,30,MEDIUM
63,120,592,110,GREEN,WEST,0,SAFE
114,110,149,411,RED,SOUTH,100,HIGH
108,110,1396,651,YELLOW,EAST,10,SAFE
49,100,1300,339,GREEN,NORTH,0,SAFE
112,90,1052,503,RED,SOUTH,60,MEDIUM
61,110,1981,534,YELLOW,SOUTH,10,SAFE
95,90,912,135,GREEN,EAST,30,MEDIUM
52,100,639,236,YELLOW,EAST,10,SAFE
43,110,215,451,YELLOW,NORTH,50,MEDIUM
123,100,993,331,YELLOW,EAST,40,MEDIUM
80,110,445,379,RED,NORTH,30,MEDIUM
78,90,1308,259,YELLOW,SOUTH,10,SAFE
87,100,1382,558,YELLOW,SOUTH,10,SAFE
51,90,1253,394,YELLOW,WEST,10,SAFE
124,120,835,496,YELLOW,NORTH,40,MEDIUM
40,120,447,701,RED,SOUTH,70,HIGH
104,100,599,125,YELLOW,SOUTH,40,MEDIUM
60,110,1587,366,YELLOW,WEST,10,SAFE
103,80,1507,535,GREEN,EAST,30,MEDIUM
87,90,1827,688,RED,WEST,30,MEDIUM
108,120,1223,345,YELLOW,SOUTH,10,SAFE
41,120,221,121,GREEN,EAST,0,SAFE
45,100,382,107,YELLOW,WEST,10,SAFE
104,120,254,331,YELLOW,EAST,50,MEDIUM
62,80,1263,702,YELLOW,NORTH,10,SAFE
95,100,278,344,GREEN,NORTH,40,MEDIUM
99,90,594,214,RED,NORTH,60,MEDIUM
41,110,949,543,YELLOW,EAST,10,SAFE
53,110,146,317,YELLOW,NORTH,50,MEDIUM
126,100,404,315,GREEN,SOUTH,30,MEDIUM
98,90,499,349,YELLOW,WEST,40,MEDIUM
109,110,1586,496,RED,WEST,30,MEDIUM
112,90,1308,619,YELLOW,EAST,40,MEDIUM
126,90,1657,601,RED,NORTH,60,MEDIUM
89,80,349,123,RED,EAST,60,MEDIUM
96,110,270,727,YELLOW,SOUTH,50,MEDIUM
108,110,1374,425,RED,EAST,30,MEDIUM
73,120,667,408,RED,NORTH,30,MEDIUM
127,100,1210,333,RED,EAST,60,MEDIUM
86,90,662,752,RED,EAST,70,HIGH
59,80,242,170,GREEN,WEST,0,SAFE
70,100,1191,754,YELLOW,EAST,10,SAFE
52,80,1350,191,RED,SOUTH,30,MEDIUM
56,100,753,224,RED,SOUTH,30,MEDIUM
92,80,553,672,RED,EAST,100,HIGH
98,100,1456,101,YELLOW,WEST,10,SAFE
78,90,366,296,YELLOW,NORTH,10,SAFE
73,90,1930,668,YELLOW,NORTH,10,SAFE
121,110,1179,226,RED,WEST,60,MEDIUM
120,110,1673,521,YELLOW,WEST,40,MEDIUM
87,100,257,317,YELLOW,EAST,50,MEDIUM
127,80,1297,260,RED,SOUTH,60,MEDIUM
128,110,1899,184,RED,WEST,60,MEDIUM
93,90,265,122,GREEN,EAST,30,MEDIUM
119,90,1869,670,RED,WEST,60,MEDIUM
45,100,1276,115,GREEN,SOUTH,0,SAFE
128,90,977,365,YELLOW,NORTH,40,MEDIUM
66,110,1512,737,RED,WEST,30,MEDIUM
65,110,323,518,RED,WEST,70,HIGH
93,90,1565,107,YELLOW,SOUTH,40,MEDIUM
121,90,1071,204,GREEN,SOUTH,30,MEDIUM
94,110,158,406,GREEN,WEST,40,MEDIUM
94,110,1019,245,RED,EAST,30,MEDIUM
72,120,694,623,YELLOW,EAST,10,SAFE
120,90,1578,453,RED,EAST,60,MEDIUM
68,100,712,604,RED,EAST,30,MEDIUM
107,90,195,727,YELLOW,SOUTH,80,HIGH
121,80,1700,196,RED,EAST,60,MEDIUM
101,80,1183,363,GREEN,EAST,30,MEDIUM
100,90,1170,704,YELLOW,EAST,40,MEDIUM
122,90,1767,753,GREEN,SOUTH,30,MEDIUM
50,90,1235,540,RED,EAST,30,MEDIUM
107,90,798,484,YELLOW,SOUTH,40,MEDIUM
86,110,1497,294,GREEN,EAST,0,SAFE
62,90,673,449,RED,WEST,30,MEDIUM
121,120,1290,284,YELLOW,SOUTH,40,MEDIUM
88,110,981,125,GREEN,WEST,0,SAFE
84,80,787,755,RED,EAST,60,MEDIUM
99,110,1280,631,YELLOW,SOUTH,10,SAFE
98,110,1148,534,YELLOW,WEST,10,SAFE
119,90,709,212,YELLOW,EAST,40,MEDIUM
106,80,1793,275,RED,EAST,60,MEDIUM
85,120,329,161,RED,WEST,30,MEDIUM
57,110,1752,798,RED,SOUTH,30,MEDIUM
107,80,872,564,GREEN,SOUTH,30,MEDIUM
68,120,1428,737,RED,SOUTH,30,MEDIUM
112,100,658,731,YELLOW,SOUTH,80,HIGH
54,80,531,414,RED,NORTH,30,MEDIUM
107,120,1203,310,YELLOW,SOUTH,10,SAFE
122,90,1058,448,RED,SOUTH,60,MEDIUM
45,120,1419,417,YELLOW,SOUTH,10,SAFE
102,120,1547,437,RED,SOUTH,30,MEDIUM
106,100,1281,163,GREEN,SOUTH,30,MEDIUM
119,120,656,646,RED,WEST,30,MEDIUM
57,100,1530,135,RED,NORTH,30,MEDIUM
79,100,1083,713,RED,EAST,30,MEDIUM
57,90,826,148,GREEN,EAST,0,SAFE
88,110,1019,754,RED,WEST,30,MEDIUM
68,120,430,188,YELLOW,EAST,10,SAFE
87,110,1837,465,GREEN,SOUTH,0,SAFE
105,90,357,569,YELLOW,NORTH,80,HIGH
86,110,1460,788,GREEN,SOUTH,0,SAFE
125,80,1743,378,YELLOW,SOUTH,40,MEDIUM
66,120,826,612,RED,EAST,30,MEDIUM
102,120,782,652,RED,SOUTH,30,MEDIUM
99,80,1519,247,YELLOW,SOUTH,40,MEDIUM
105,80,1787,658,GREEN,NORTH,30,MEDIUM
67,120,1137,616,GREEN,WEST,0,SAFE
80,120,1024,422,GREEN,EAST,0,SAFE
85,80,1829,314,YELLOW,SOUTH,40,MEDIUM
112,90,948,495,YELLOW,SOUTH,40,MEDIUM
129,120,286,402,YELLOW,NORTH,80,HIGH
47,100,169,186,YELLOW,SOUTH,50,MEDIUM
81,120,175,519,RED,WEST,70,HIGH
45,90,1593,633,RED,NORTH,30,MEDIUM
60,100,917,660,GREEN,EAST,0,SAFE
45,90,1130,346,RED,SOUTH,30,MEDIUM
46,80,767,616,YELLOW,EAST,10,SAFE
112,90,670,413,GREEN,SOUTH,30,MEDIUM
126,110,655,285,YELLOW,WEST,40,MEDIUM
108,90,799,678,RED,NORTH,60,MEDIUM
48,90,433,143,RED,EAST,30,MEDIUM
75,100,1236,104,GREEN,SOUTH,0,SAFE
128,80,1584,751,GREEN,NORTH,30,MEDIUM
106,100,827,676,YELLOW,WEST,40,MEDIUM
60,80,833,165,YELLOW,WEST,10,SAFE
104,100,435,686,RED,EAST,100,HIGH
53,120,282,322,GREEN,EAST,40,MEDIUM
95,120,1935,401,YELLOW,EAST,10,SAFE
115,100,1133,544,YELLOW,SOUTH,40,MEDIUM
62,100,1312,585,YELLOW,EAST,10,SAFE
57,100,1023,101,GREEN,NORTH,0,SAFE
44,120,1763,746,GREEN,WEST,0,SAFE
84,80,348,259,GREEN,WEST,30,MEDIUM
68,90,250,721,YELLOW,SOUTH,50,MEDIUM
42,120,1439,373,GREEN,NORTH,0,SAFE
76,90,1125,511,GREEN,SOUTH,0,SAFE
89,80,1359,621,RED,WEST,60,MEDIUM
56,90,311,187,GREEN,EAST,0,SAFE
92,120,287,679,GREEN,WEST,40,MEDIUM
46,120,1726,247,RED,SOUTH,30,MEDIUM
72,90,846,420,YELLOW,NORTH,10,SAFE
73,90,1867,228,GREEN,EAST,0,SAFE
76,100,1566,771,GREEN,WEST,0,SAFE
110,110,549,516,GREEN,NORTH,0,SAFE
87,100,920,731,YELLOW,WEST,10,SAFE
68,120,1846,556,GREEN,WEST,0,SAFE
83,80,1326,736,GREEN,NORTH,30,MEDIUM
81,90,1936,214,RED,WEST,30,MEDIUM
93,110,1422,626,GREEN,SOUTH,0,SAFE
41,90,1859,402,GREEN,NORTH,0,SAFE
96,100,1402,415,RED,SOUTH,30,MEDIUM
126,110,1707,587,YELLOW,EAST,40,MEDIUM
112,120,1948,253,GREEN,NORTH,0,SAFE
81,120,429,567,GREEN,WEST,40,MEDIUM
69,120,1244,384,GREEN,SOUTH,0,SAFE
62,100,490,796,GREEN,EAST,40,MEDIUM
104,120,268,738,GREEN,EAST,40,MEDIUM
127,90,831,769,RED,WEST,60,MEDIUM
84,120,856,670,YELLOW,NORTH,10,SAFE
60,110,1489,338,RED,WEST,30,MEDIUM
96,80,1706,592,YELLOW,SOUTH,40,MEDIUM
43,100,1962,436,RED,NORTH,30,MEDIUM
85,100,237,548,YELLOW,WEST,50,MEDIUM
46,120,794,440,YELLOW,NORTH,10,SAFE
101,110,824,256,GREEN,NORTH,0,SAFE
121,110,244,377,GREEN,SOUTH,70,HIGH
56,90,1557,553,RED,EAST,30,MEDIUM
73,120,1699,118,RED,NORTH,30,MEDIUM
103,90,1192,104,RED,WEST,60,MEDIUM
50,100,1327,789,YELLOW,EAST,10,SAFE
53,110,828,660,YELLOW,SOUTH,10,SAFE
49,100,1383,284,GREEN,EAST,0,SAFE
86,90,359,550,RED,NORTH,70,HIGH
99,80,1801,747,GREEN,EAST,30,MEDIUM
73,90,618,101,YELLOW,EAST,10,SAFE
129,110,1385,650,YELLOW,WEST,40,MEDIUM
99,90,1273,503,GREEN,EAST,30,MEDIUM
64,110,1858,304,RED,EAST,30,MEDIUM
126,90,1892,794,GREEN,SOUTH,30,MEDIUM
54,110,980,687,RED,WEST,30,MEDIUM
98,80,1699,476,RED,NORTH,60,MEDIUM
71,100,1567,365,YELLOW,NORTH,10,SAFE
122,120,1826,263,RED,EAST,60,MEDIUM
51,120,1499,606,GREEN,NORTH,0,SAFE
50,110,1344,372,RED,EAST,30,MEDIUM
64,100,1910,204,RED,EAST,30,MEDIUM
128,100,418,138,GREEN,SOUTH,30,MEDIUM
99,120,1594,222,GREEN,WEST,0,SAFE
65,120,593,459,YELLOW,EAST,10,SAFE
55,100,162,788,RED,EAST,70,HIGH
122,80,159,687,GREEN,SOUTH,70,HIGH
69,100,776,658,GREEN,WEST,0,SAFE
74,120,657,563,GREEN,EAST,0,SAFE
89,80,827,717,GREEN,SOUTH,30,MEDIUM
115,100,1118,173,RED,NORTH,60,MEDIUM
99,80,726,534,GREEN,SOUTH,30,MEDIUM
51,80,931,136,RED,NORTH,30,MEDIUM
45,80,396,127,YELLOW,NORTH,10,SAFE
44,90,1524,393,GREEN,SOUTH,0,SAFE
79,110,928,436,GREEN,WEST,0,SAFE
68,120,576,273,GREEN,WEST,0,SAFE
45,90,684,639,RED,SOUTH,30,MEDIUM
130,100,391,329,GREEN,NORTH,30,MEDIUM
52,110,209,544,GREEN,SOUTH,40,MEDIUM
50,90,1217,597,YELLOW,WEST,10,SAFE
90,80,209,581,YELLOW,NORTH,80,HIGH
107,80,1538,625,RED,SOUTH,60,MEDIUM
90,80,1497,606,YELLOW,NORTH,40,MEDIUM
78,90,1628,204,YELLOW,WEST,10,SAFE
102,110,1391,617,YELLOW,NORTH,10,SAFE
55,80,742,742,GREEN,EAST,0,SAFE
74,110,1364,657,RED,EAST,30,MEDIUM
44,100,907,252,RED,EAST,30,MEDIUM
91,120,679,532,GREEN,WEST,0,SAFE
129,90,1400,427,YELLOW,WEST,40,MEDIUM
91,120,1121,145,YELLOW,SOUTH,10,SAFE
86,80,192,470,GREEN,WEST,70,HIGH
119,110,1249,775,YELLOW,EAST,40,MEDIUM
50,80,1819,666,YELLOW,EAST,10,SAFE
121,80,1132,298,YELLOW,SOUTH,40,MEDIUM
53,80,1524,586,GREEN,WEST,0,SAFE
51,80,1652,349,YELLOW,EAST,10,SAFE
58,100,1966,544,RED,EAST,30,MEDIUM
112,100,1792,379,RED,NORTH,60,MEDIUM
78,90,480,148,RED,WEST,30,MEDIUM
129,90,590,150,YELLOW,SOUTH,40,MEDIUM
46,120,441,782,YELLOW,WEST,50,MEDIUM
108,90,1442,565,RED,NORTH,60,MEDIUM
104,120,399,468,YELLOW,WEST,50,MEDIUM
58,80,1662,720,GREEN,SOUTH,0,SAFE
109,90,453,294,YELLOW,NORTH,40,MEDIUM
126,90,1252,407,RED,WEST,60,MEDIUM
47,110,904,257,YELLOW,WEST,10,SAFE
117,120,629,235,RED,SOUTH,30,MEDIUM
48,120,1843,583,YELLOW,WEST,10,SAFE
47,90,1342,533,YELLOW,SOUTH,10,SAFE
128,110,1921,167,YELLOW,SOUTH,40,MEDIUM
63,120,1977,410,GREEN,EAST,0,SAFE
130,120,1571,167,GREEN,EAST,30,MEDIUM
113,120,696,290,GREEN,EAST,0,SAFE
88,110,1540,774,YELLOW,WEST,10,SAFE
128,80,1644,417,YELLOW,SOUTH,40,MEDIUM
107,110,1566,526,GREEN,NORTH,0,SAFE
104,80,536,695,RED,NORTH,100,HIGH
84,80,282,303,YELLOW,NORTH,80,HIGH
74,110,677,332,GREEN,EAST,0,SAFE
100,120,1349,308,YELLOW,NORTH,10,SAFE
128,110,1656,706,GREEN,WEST,30,MEDIUM
70,90,141,774,GREEN,WEST,40,MEDIUM
128,80,885,114,YELLOW,EAST,40,MEDIUM
51,120,1638,205,RED,WEST,30,MEDIUM
69,100,1452,628,YELLOW,NORTH,10,SAFE
102,80,1723,217,YELLOW,NORTH,40,MEDIUM
103,90,679,560,YELLOW,SOUTH,40,MEDIUM
119,120,1213,719,RED,NORTH,30,MEDIUM
110,120,1504,371,GREEN,NORTH,0,SAFE
105,110,1587,746,RED,EAST,30,MEDIUM
124,90,516,397,YELLOW,WEST,40,MEDIUM
64,90,1561,737,YELLOW,WEST,10,SAFE
70,80,685,306,RED,SOUTH,30,MEDIUM
79,80,813,788,YELLOW,EAST,10,SAFE
68,120,566,332,GREEN,WEST,0,SAFE
92,80,1167,627,GREEN,SOUTH,30,MEDIUM
128,90,855,241,YELLOW,SOUTH,40,MEDIUM
43,120,662,343,RED,NORTH,30,MEDIUM
69,80,1304,520,GREEN,EAST,0,SAFE
81,110,1269,251,GREEN,SOUTH,0,SAFE
68,110,1554,545,GREEN,WEST,0,SAFE
107,100,1195,465,GREEN,EAST,30,MEDIUM
43,100,1337,395,GREEN,EAST,0,SAFE
129,90,1511,438,YELLOW,SOUTH,40,MEDIUM
80,90,184,328,RED,EAST,70,HIGH
113,100,1462,558,YELLOW,SOUTH,40,MEDIUM
84,100,889,409,GREEN,NORTH,0,SAFE
45,80,800,153,RED,WEST,30,MEDIUM
67,100,1946,546,RED,EAST,30,MEDIUM
84,110,1440,511,RED,SOUTH,30,MEDIUM
40,120,1242,151,YELLOW,EAST,10,SAFE
60,90,1875,753,RED,EAST,30,MEDIUM
43,110,1968,376,GREEN,SOUTH,0,SAFE
69,120,358,479,RED,EAST,70,HIGH
61,80,1734,591,RED,SOUTH,30,MEDIUM
58,80,1529,300,GREEN,SOUTH,0,SAFE
111,100,258,558,RED,EAST,100,HIGH
58,120,1492,522,GREEN,WEST,0,SAFE
56,80,1648,164,RED,WEST,30,MEDIUM
77,110,790,537,RED,SOUTH,30,MEDIUM
89,90,1052,127,GREEN,NORTH,0,SAFE
78,120,1757,186,YELLOW,WEST,10,SAFE
119,80,550,591,GREEN,NORTH,70,HIGH
100,90,1285,385,YELLOW,SOUTH,40,MEDIUM
106,90,655,416,GREEN,SOUTH,30,MEDIUM
124,110,1094,161,YELLOW,EAST,40,MEDIUM
123,120,1323,456,GREEN,WEST,30,MEDIUM
53,100,1437,790,RED,WEST,30,MEDIUM
54,80,907,408,YELLOW,SOUTH,10,SAFE
61,120,407,785,GREEN,WEST,40,MEDIUM
127,100,1643,708,GREEN,WEST,30,MEDIUM
108,90,1752,734,GREEN,NORTH,30,MEDIUM
126,100,1510,657,RED,EAST,60,MEDIUM
114,120,341,356,RED,SOUTH,70,HIGH
66,100,596,670,RED,SOUTH,70,HIGH
125,90,420,784,GREEN,WEST,70,HIGH
121,80,1092,257,RED,NORTH,60,MEDIUM
75,110,1167,412,YELLOW,SOUTH,10,SAFE
97,80,1384,542,GREEN,EAST,30,MEDIUM
41,90,157,536,RED,SOUTH,70,HIGH
75,110,624,257,YELLOW,SOUTH,10,SAFE
44,100,600,720,RED,NORTH,70,HIGH
86,120,963,398,GREEN,NORTH,0,SAFE
42,80,337,747,GREEN,EAST,40,MEDIUM
67,120,115,622,GREEN,EAST,40,MEDIUM
85,90,1018,110,GREEN,WEST,0,SAFE
130,120,704,258,GREEN,SOUTH,30,MEDIUM
128,100,910,679,RED,WEST,60,MEDIUM
62,100,237,106,GREEN,SOUTH,0,SAFE
70,100,551,392,RED,NORTH,30,MEDIUM
102,100,364,132,YELLOW,WEST,40,MEDIUM
122,100,377,524,GREEN,SOUTH,70,HIGH
101,100,690,794,YELLOW,WEST,80,HIGH
43,110,987,216,RED,NORTH,30,MEDIUM
72,90,1409,356,GREEN,WEST,0,SAFE
109,110,1699,444,RED,EAST,30,MEDIUM
100,110,1209,393,GREEN,SOUTH,0,SAFE
40,110,1169,481,RED,SOUTH,30,MEDIUM
89,100,1434,347,GREEN,SOUTH,0,SAFE
42,100,1751,184,GREEN,WEST,0,SAFE
57,120,1269,125,GREEN,WEST,0,SAFE
100,100,480,588,RED,NORTH,70,HIGH
97,120,130,139,YELLOW,SOUTH,50,MEDIUM
54,100,170,678,YELLOW,EAST,50,MEDIUM
124,100,1910,700,YELLOW,EAST,40,MEDIUM
97,80,1242,445,GREEN,WEST,30,MEDIUM
126,80,716,417,RED,WEST,60,MEDIUM
129,100,488,516,GREEN,SOUTH,70,HIGH
95,80,1831,309,RED,SOUTH,60,MEDIUM
65,80,635,381,GREEN,EAST,0,SAFE
83,100,1563,366,RED,WEST,30,MEDIUM
45,90,614,475,YELLOW,EAST,10,SAFE
48,110,122,421,RED,EAST,70,HIGH
93,110,1208,743,YELLOW,EAST,10,SAFE
49,90,1317,140,YELLOW,WEST,10,SAFE
49,110,824,371,YELLOW,EAST,10,SAFE
93,110,1486,343,RED,WEST,30,MEDIUM
99,90,349,533,RED,WEST,100,HIGH
44,110,753,466,YELLOW,EAST,10,SAFE
69,90,968,242,RED,SOUTH,30,MEDIUM
81,120,447,266,RED,EAST,30,MEDIUM
72,100,274,294,YELLOW,NORTH,50,MEDIUM
44,90,645,562,RED,NORTH,30,MEDIUM
70,120,1439,796,YELLOW,WEST,10,SAFE
116,120,883,248,RED,SOUTH,30,MEDIUM
47,80,667,362,YELLOW,NORTH,10,SAFE
81,120,1042,105,GREEN,SOUTH,0,SAFE
127,100,1059,602,GREEN,SOUTH,30,MEDIUM
81,110,1238,792,YELLOW,EAST,10,SAFE
45,90,1566,110,RED,SOUTH,30,MEDIUM
41,80,1197,513,YELLOW,NORTH,10,SAFE
126,100,1801,235,RED,NORTH,60,MEDIUM
78,120,1892,336,GREEN,SOUTH,0,SAFE
96,90,701,475,GREEN,EAST,30,MEDIUM
82,100,437,549,RED,NORTH,70,HIGH
59,120,1512,575,GREEN,EAST,0,SAFE
115,90,1756,779,RED,EAST,60,MEDIUM
54,100,1790,314,GREEN,SOUTH,0,SAFE
79,110,791,449,GREEN,NORTH,0,SAFE
100,90,1048,512,YELLOW,EAST,40,MEDIUM
110,120,643,691,RED,NORTH,70,HIGH
95,100,720,557,YELLOW,SOUTH,10,SAFE
66,90,1690,111,YELLOW,SOUTH,10,SAFE
124,120,1268,579,GREEN,NORTH,30,MEDIUM
45,90,1894,647,YELLOW,WEST,10,SAFE
73,120,1934,112,RED,WEST,30,MEDIUM
106,100,1635,136,GREEN,NORTH,30,MEDIUM
97,90,1843,419,YELLOW,WEST,40,MEDIUM
118,120,401,636,YELLOW,EAST,50,MEDIUM
122,120,1882,212,GREEN,SOUTH,30,MEDIUM
87,90,405,591,RED,EAST,70,HIGH
45,80,1682,757,RED,EAST,30,MEDIUM
92,110,1658,367,YELLOW,SOUTH,10,SAFE
76,100,111,567,GREEN,EAST,40,MEDIUM
77,80,745,485,YELLOW,EAST,10,SAFE
60,80,1297,191,GREEN,WEST,0,SAFE
127,80,661,494,RED,EAST,60,MEDIUM
120,90,608,734,RED,SOUTH,100,HIGH
73,80,111,141,RED,NORTH,70,HIGH
77,110,1564,650,GREEN,EAST,0,SAFE
83,110,1193,598,YELLOW,SOUTH,10,SAFE
67,90,1324,549,RED,WEST,30,MEDIUM
65,100,704,162,GREEN,WEST,0,SAFE
51,100,275,239,YELLOW,WEST,10,SAFE
43,90,181,779,YELLOW,NORTH,50,MEDIUM
119,80,507,726,RED,SOUTH,100,HIGH
73,100,529,786,RED,NORTH,70,HIGH
62,120,622,285,RED,WEST,30,MEDIUM
103,120,1115,306,GREEN,NORTH,0,SAFE
95,100,141,220,RED,SOUTH,70,HIGH
119,90,863,376,GREEN,NORTH,30,MEDIUM
114,100,1503,416,RED,NORTH,60,MEDIUM
45,80,1421,782,RED,SOUTH,30,MEDIUM
99,100,415,457,YELLOW,NORTH,50,MEDIUM
121,90,1131,591,GREEN,SOUTH,30,MEDIUM
76,120,666,497,RED,SOUTH,30,MEDIUM
99,120,989,707,RED,NORTH,30,MEDIUM
68,90,1950,528,RED,SOUTH,30,MEDIUM
106,100,286,565,RED,WEST,100,HIGH
128,120,649,396,RED,WEST,60,MEDIUM
98,120,658,458,RED,EAST,30,MEDIUM
77,80,1831,450,GREEN,WEST,0,SAFE
110,90,1907,207,YELLOW,NORTH,40,MEDIUM
110,90,963,781,RED,EAST,60,MEDIUM
57,120,1311,308,GREEN,EAST,0,SAFE
68,110,1834,658,RED,EAST,30,MEDIUM
62,90,1337,113,YELLOW,NORTH,10,SAFE
99,110,1883,570,GREEN,SOUTH,0,SAFE
70,100,211,358,GREEN,SOUTH,40,MEDIUM
62,80,1354,754,RED,NORTH,30,MEDIUM
65,120,1742,416,GREEN,EAST,0,SAFE
108,90,1659,660,YELLOW,EAST,40,MEDIUM
95,80,510,651,RED,NORTH,100,HIGH
125,80,166,698,YELLOW,NORTH,80,HIGH
107,110,840,408,RED,EAST,30,MEDIUM
102,100,1203,434,YELLOW,WEST,40,MEDIUM
124,80,548,482,RED,NORTH,60,MEDIUM
125,80,1840,249,GREEN,NORTH,30,MEDIUM
125,90,1804,262,YELLOW,SOUTH,40,MEDIUM
75,110,1703,426,RED,WEST,30,MEDIUM
99,120,1612,749,GREEN,EAST,0,SAFE
109,110,1032,517,YELLOW,NORTH,10,SAFE
124,110,1859,335,GREEN,SOUTH,30,MEDIUM
97,110,1425,400,YELLOW,SOUTH,10,SAFE
49,90,1902,710,GREEN,EAST,0,SAFE
46,100,633,490,RED,NORTH,30,MEDIUM
120,110,155,482,RED,SOUTH,100,HIGH
43,80,553,279,GREEN,WEST,0,SAFE
63,90,1571,275,YELLOW,NORTH,10,SAFE
58,90,1984,454,RED,WEST,30,MEDIUM
119,90,857,261,YELLOW,NORTH,40,MEDIUM
130,120,1559,388,YELLOW,WEST,40,MEDIUM
103,100,1658,683,YELLOW,EAST,40,MEDIUM
64,120,726,457,RED,WEST,30,MEDIUM
110,120,778,241,GREEN,SOUTH,0,SAFE
68,100,1927,618,YELLOW,EAST,10,SAFE
112,80,695,473,GREEN,NORTH,30,MEDIUM
93,110,1223,755,YELLOW,WEST,10,SAFE
103,90,680,144,GREEN,WEST,30,MEDIUM
56,100,386,710,RED,EAST,70,HIGH
114,110,181,777,GREEN,EAST,70,HIGH
93,120,1586,384,RED,NORTH,30,MEDIUM
68,110,548,161,GREEN,NORTH,0,SAFE
119,120,1129,533,RED,NORTH,30,MEDIUM
121,90,219,375,YELLOW,SOUTH,80,HIGH
107,110,1814,482,RED,EAST,30,MEDIUM
119,110,408,348,RED,EAST,60,MEDIUM
62,100,1049,757,YELLOW,EAST,10,SAFE
106,110,1478,387,YELLOW,WEST,10,SAFE
91,100,1180,242,GREEN,SOUTH,0,SAFE
45,100,376,542,GREEN,EAST,40,MEDIUM
108,110,107,782,YELLOW,EAST,50,MEDIUM
41,100,845,232,GREEN,NORTH,0,SAFE
55,110,999,533,GREEN,WEST,0,SAFE
122,110,1419,496,GREEN,NORTH,30,MEDIUM
76,110,103,228,GREEN,EAST,40,MEDIUM
55,110,1207,756,GREEN,SOUTH,0,SAFE
68,90,1860,356,YELLOW,WEST,10,SAFE
80,90,1635,467,RED,SOUTH,30,MEDIUM
65,80,1275,526,GREEN,EAST,0,SAFE
56,100,1031,560,RED,NORTH,30,MEDIUM
105,110,1683,235,YELLOW,SOUTH,10,SAFE
113,90,1041,718,GREEN,NORTH,30,MEDIUM
87,120,662,287,YELLOW,EAST,10,SAFE
79,120,1464,508,GREEN,EAST,0,SAFE
113,100,1048,389,YELLOW,SOUTH,40,MEDIUM
48,100,1675,671,YELLOW,SOUTH,10,SAFE
70,110,729,396,GREEN,NORTH,0,SAFE
96,110,792,180,RED,EAST,30,MEDIUM
98,110,1448,226,RED,SOUTH,30,MEDIUM
76,120,1619,360,YELLOW,NORTH,10,SAFE
106,110,1535,262,YELLOW,SOUTH,10,SAFE
62,100,1067,202,GREEN,NORTH,0,SAFE
68,100,1478,530,YELLOW,NORTH,10,SAFE
99,120,187,800,GREEN,WEST,40,MEDIUM
58,120,139,118,YELLOW,NORTH,10,SAFE
90,100,786,767,GREEN,NORTH,0,SAFE
101,110,1267,448,GREEN,WEST,0,SAFE
53,90,721,284,GREEN,SOUTH,0,SAFE
71,80,528,284,YELLOW,WEST,10,SAFE
79,100,1635,767,RED,EAST,30,MEDIUM
105,110,1223,472,GREEN,WEST,0,SAFE
58,120,1118,461,RED,EAST,30,MEDIUM
56,100,278,402,GREEN,NORTH,40,MEDIUM
41,110,360,396,RED,SOUTH,70,HIGH
57,80,102,777,YELLOW,SOUTH,50,MEDIUM
57,100,135,132,RED,EAST,30,MEDIUM
41,110,1599,537,YELLOW,EAST,10,SAFE
99,120,637,516,YELLOW,NORTH,10,SAFE
49,120,136,317,GREEN,WEST,40,MEDIUM
90,80,349,106,GREEN,SOUTH,30,MEDIUM
80,110,1368,483,YELLOW,EAST,10,SAFE
112,90,364,134,YELLOW,EAST,40,MEDIUM
128,80,212,150,RED,NORTH,60,MEDIUM
67,80,1070,731,RED,EAST,30,MEDIUM
118,90,186,383,GREEN,EAST,70,HIGH
41,110,1710,516,YELLOW,WEST,10,SAFE
97,90,1815,278,YELLOW,SOUTH,40,MEDIUM
109,120,1346,656,RED,EAST,30,MEDIUM
82,80,1082,176,GREEN,EAST,30,MEDIUM
70,90,332,406,YELLOW,EAST,50,MEDIUM
47,120,904,398,RED,WEST,30,MEDIUM
115,110,666,686,YELLOW,NORTH,80,HIGH
74,90,1634,154,RED,NORTH,30,MEDIUM
69,90,781,388,YELLOW,SOUTH,10,SAFE
99,80,622,372,YELLOW,SOUTH,40,MEDIUM
127,90,238,248,GREEN,NORTH,70,HIGH
89,100,997,178,GREEN,EAST,0,SAFE
40,90,234,613,RED,NORTH,70,HIGH
105,80,1854,365,RED,EAST,60,MEDIUM
107,90,1563,622,RED,EAST,60,MEDIUM
119,110,1745,773,GREEN,SOUTH,30,MEDIUM
70,90,619,101,YELLOW,EAST,10,SAFE
91,90,300,336,YELLOW,NORTH,80,HIGH
64,90,535,355,GREEN,NORTH,0,SAFE
111,80,1116,307,GREEN,SOUTH,30,MEDIUM
125,90,736,181,YELLOW,EAST,40,MEDIUM
41,120,202,714,GREEN,NORTH,40,MEDIUM
42,80,1234,708,YELLOW,NORTH,10,SAFE
90,100,233,700,RED,EAST,70,HIGH
86,90,1986,128,YELLOW,NORTH,10,SAFE
77,90,1430,101,RED,WEST,30,MEDIUM
48,120,863,747,GREEN,NORTH,0,SAFE
71,100,669,677,GREEN,EAST,40,MEDIUM
59,100,1605,352,GREEN,EAST,0,SAFE
120,100,261,126,GREEN,WEST,30,MEDIUM
42,90,1864,278,RED,SOUTH,30,MEDIUM
77,100,1268,616,YELLOW,NORTH,10,SAFE
87,100,1906,568,GREEN,SOUTH,0,SAFE
49,80,1594,363,YELLOW,WEST,10,SAFE
125,90,1194,384,YELLOW,NORTH,40,MEDIUM
60,90,753,558,RED,NORTH,30,MEDIUM
93,120,884,593,YELLOW,EAST,10,SAFE
94,120,687,495,YELLOW,SOUTH,10,SAFE
106,90,347,152,RED,WEST,60,MEDIUM
123,80,609,772,YELLOW,WEST,80,HIGH
128,110,1986,103,GREEN,EAST,30,MEDIUM
73,90,1396,511,RED,NORTH,30,MEDIUM
97,90,513,154,YELLOW,EAST,40,MEDIUM
66,110,321,401,GREEN,WEST,40,MEDIUM
73,120,355,515,YELLOW,NORTH,50,MEDIUM
101,100,1660,205,RED,SOUTH,60,MEDIUM
87,80,1075,257,RED,EAST,60,MEDIUM
95,90,855,226,RED,EAST,60,MEDIUM
51,80,100,153,GREEN,SOUTH,40,MEDIUM
41,110,273,272,YELLOW,EAST,10,SAFE
105,80,576,544,RED,SOUTH,60,MEDIUM
70,80,772,724,YELLOW,NORTH,10,SAFE
92,90,759,506,RED,SOUTH,60,MEDIUM
119,100,813,495,RED,EAST,60,MEDIUM
118,120,1748,256,YELLOW,NORTH,10,SAFE
93,100,1917,675,YELLOW,SOUTH,10,SAFE
128,120,113,318,RED,NORTH,100,HIGH
63,110,745,328,RED,EAST,30,MEDIUM
115,120,1965,339,GREEN,SOUTH,0,SAFE
128,100,114,371,RED,WEST,100,HIGH
61,120,687,796,GREEN,NORTH,40,MEDIUM
96,110,554,713,GREEN,EAST,40,MEDIUM
119,120,1531,179,RED,NORTH,30,MEDIUM
100,90,1840,395,YELLOW,WEST,40,MEDIUM
86,90,1358,554,RED,NORTH,30,MEDIUM
113,80,1209,313,GREEN,EAST,30,MEDIUM
44,90,1636,576,RED,EAST,30,MEDIUM
57,100,512,251,RED,EAST,30,MEDIUM
90,110,1472,638,YELLOW,EAST,10,SAFE
79,90,487,462,RED,WEST,30,MEDIUM
96,110,483,439,RED,SOUTH,30,MEDIUM
120,110,1362,600,YELLOW,NORTH,40,MEDIUM
84,110,548,461,YELLOW,NORTH,10,SAFE
79,120,558,370,RED,WEST,30,MEDIUM
116,120,1335,523,GREEN,NORTH,0,SAFE
63,110,1430,128,RED,SOUTH,30,MEDIUM
125,100,280,730,GREEN,EAST,70,HIGH
122,110,1646,576,GREEN,SOUTH,30,MEDIUM
54,120,1079,392,YELLOW,NORTH,10,SAFE
119,80,1505,263,GREEN,EAST,30,MEDIUM
123,100,134,687,GREEN,NORTH,70,HIGH
95,100,182,307,YELLOW,WEST,50,MEDIUM
67,100,627,708,RED,SOUTH,70,HIGH
71,110,256,297,GREEN,WEST,40,MEDIUM
77,90,369,613,YELLOW,WEST,50,MEDIUM
79,100,678,791,GREEN,NORTH,40,MEDIUM
45,120,235,216,RED,SOUTH,30,MEDIUM
44,120,1427,623,GREEN,NORTH,0,SAFE
75,120,757,195,YELLOW,NORTH,10,SAFE
96,90,1203,180,GREEN,SOUTH,30,MEDIUM
64,120,1183,337,YELLOW,SOUTH,10,SAFE
91,120,1351,447,RED,NORTH,30,MEDIUM
86,120,1191,364,YELLOW,WEST,10,SAFE
70,120,1736,356,GREEN,NORTH,0,SAFE
117,110,1813,322,GREEN,EAST,30,MEDIUM
95,80,984,124,GREEN,WEST,30,MEDIUM
118,100,759,666,YELLOW,WEST,40,MEDIUM
102,90,1355,642,GREEN,SOUTH,30,MEDIUM
46,120,1721,381,RED,NORTH,30,MEDIUM
102,120,1125,699,YELLOW,EAST,10,SAFE
90,80,1817,317,YELLOW,EAST,40,MEDIUM
129,110,1697,281,GREEN,NORTH,30,MEDIUM
86,110,1571,452,YELLOW,SOUTH,10,SAFE
86,110,1727,764,GREEN,SOUTH,0,SAFE
95,100,830,749,YELLOW,EAST,10,SAFE
92,80,596,366,GREEN,EAST,30,MEDIUM
107,110,581,342,RED,WEST,30,MEDIUM
96,80,1523,261,YELLOW,WEST,40,MEDIUM
130,80,612,539,GREEN,WEST,30,MEDIUM
70,110,1750,635,RED,WEST,30,MEDIUM
114,100,1895,770,GREEN,EAST,30,MEDIUM
69,110,386,643,GREEN,EAST,40,MEDIUM
55,90,257,663,GREEN,NORTH,40,MEDIUM
61,100,1668,374,YELLOW,SOUTH,10,SAFE
130,100,1304,523,RED,SOUTH,60,MEDIUM
70,100,1958,409,YELLOW,SOUTH,10,SAFE
112,120,1936,153,YELLOW,NORTH,10,SAFE
58,100,633,452,GREEN,NORTH,0,SAFE
71,100,1673,782,GREEN,WEST,0,SAFE
84,120,381,482,YELLOW,SOUTH,50,MEDIUM
45,100,1935,513,RED,SOUTH,30,MEDIUM
83,100,142,152,YELLOW,NORTH,50,MEDIUM
53,90,532,648,YELLOW,SOUTH,50,MEDIUM
107,80,345,726,YELLOW,EAST,80,HIGH
62,100,1448,404,YELLOW,WEST,10,SAFE
71,100,1811,238,RED,EAST,30,MEDIUM
54,80,1665,788,GREEN,NORTH,0,SAFE
96,90,1740,474,RED,SOUTH,60,MEDIUM
101,100,1763,337,YELLOW,NORTH,40,MEDIUM
111,120,1851,311,RED,SOUTH,30,MEDIUM
107,100,1216,776,GREEN,NORTH,30,MEDIUM
121,120,834,620,GREEN,SOUTH,30,MEDIUM
114,120,1821,740,RED,WEST,30,MEDIUM
47,120,1127,391,RED,EAST,30,MEDIUM
119,100,518,452,RED,WEST,60,MEDIUM
61,80,1560,222,RED,NORTH,30,MEDIUM
59,120,1745,210,GREEN,NORTH,0,SAFE
68,110,1646,148,GREEN,EAST,0,SAFE
115,90,556,422,RED,NORTH,60,MEDIUM
116,90,601,775,YELLOW,EAST,80,HIGH
61,120,1164,384,RED,SOUTH,30,MEDIUM
103,90,420,759,GREEN,EAST,70,HIGH
97,100,778,296,RED,WEST,30,MEDIUM
46,110,1446,637,GREEN,NORTH,0,SAFE
81,80,343,616,YELLOW,EAST,80,HIGH
117,100,442,220,GREEN,SOUTH,30,MEDIUM
72,90,1939,540,YELLOW,EAST,10,SAFE
71,90,599,694,GREEN,NORTH,40,MEDIUM
77,90,393,182,YELLOW,WEST,10,SAFE
59,100,1938,729,YELLOW,EAST,10,SAFE
109,80,934,230,YELLOW,EAST,40,MEDIUM
60,120,398,118,YELLOW,SOUTH,10,SAFE
108,90,1528,374,GREEN,SOUTH,30,MEDIUM
101,110,1324,527,GREEN,SOUTH,0,SAFE
68,90,1725,599,GREEN,NORTH,0,SAFE
100,110,159,300,GREEN,SOUTH,40,MEDIUM
45,120,741,446,YELLOW,SOUTH,10,SAFE
126,80,1488,420,RED,NORTH,60,MEDIUM
64,110,1363,437,GREEN,EAST,0,SAFE
68,80,395,106,YELLOW,NORTH,10,SAFE
75,100,1934,682,RED,WEST,30,MEDIUM
106,90,1526,710,YELLOW,EAST,40,MEDIUM
45,110,1572,623,YELLOW,NORTH,10,SAFE
49,120,1999,145,GREEN,WEST,0,SAFE
102,90,992,354,YELLOW,SOUTH,40,MEDIUM
91,80,1941,659,GREEN,NORTH,30,MEDIUM
128,100,905,605,GREEN,SOUTH,30,MEDIUM
86,120,1203,498,YELLOW,NORTH,10,SAFE
95,80,1255,470,YELLOW,NORTH,40,MEDIUM
130,120,565,301,RED,EAST,60,MEDIUM
117,80,1746,222,YELLOW,SOUTH,40,MEDIUM
116,80,433,382,GREEN,EAST,30,MEDIUM
70,120,1717,225,RED,NORTH,30,MEDIUM
44,110,659,350,YELLOW,EAST,10,SAFE
109,90,257,245,GREEN,EAST,30,MEDIUM
81,110,1921,321,YELLOW,SOUTH,10,SAFE
120,90,1694,302,GREEN,NORTH,30,MEDIUM
86,120,398,199,GREEN,WEST,0,SAFE
56,110,1808,358,GREEN,NORTH,0,SAFE
59,110,926,288,GREEN,WEST,0,SAFE
54,80,1010,118,GREEN,EAST,0,SAFE
100,100,139,339,GREEN,WEST,40,MEDIUM
106,90,1241,228,RED,WEST,60,MEDIUM
67,90,1160,632,RED,NORTH,30,MEDIUM
102,80,940,325,YELLOW,SOUTH,40,MEDIUM
89,120,694,678,RED,WEST,30,MEDIUM
130,120,1475,434,RED,EAST,60,MEDIUM
122,120,454,162,RED,WEST,60,MEDIUM
62,110,1926,605,RED,EAST,30,MEDIUM
63,80,1720,462,YELLOW,NORTH,10,SAFE
55,90,638,715,RED,SOUTH,70,HIGH
50,80,1774,195,RED,NORTH,30,MEDIUM
108,100,885,800,GREEN,WEST,30,MEDIUM
115,120,1803,454,YELLOW,NORTH,10,SAFE
92,100,671,317,GREEN,NORTH,0,SAFE
70,110,1870,191,GREEN,NORTH,0,SAFE
79,90,154,800,YELLOW,SOUTH,50,MEDIUM
48,100,1240,149,RED,EAST,30,MEDIUM
54,100,1930,584,YELLOW,EAST,10,SAFE
65,120,557,584,YELLOW,EAST,50,MEDIUM
85,120,1936,751,RED,WEST,30,MEDIUM
95,110,860,796,GREEN,WEST,0,SAFE
105,120,259,349,YELLOW,WEST,50,MEDIUM
125,110,700,385,GREEN,NORTH,30,MEDIUM
55,90,1653,582,RED,EAST,30,MEDIUM
122,90,443,329,RED,NORTH,60,MEDIUM
130,80,1296,642,GREEN,NORTH,30,MEDIUM
90,100,1915,764,RED,NORTH,30,MEDIUM
62,100,1028,538,GREEN,EAST,0,SAFE
120,90,1857,499,YELLOW,WEST,40,MEDIUM
102,80,1230,370,YELLOW,WEST,40,MEDIUM
102,90,1055,620,YELLOW,WEST,40,MEDIUM
63,110,404,719,YELLOW,NORTH,50,MEDIUM
61,100,1850,369,GREEN,NORTH,0,SAFE
71,80,397,594,YELLOW,SOUTH,50,MEDIUM
129,90,986,191,RED,SOUTH,60,MEDIUM
91,120,673,679,YELLOW,SOUTH,50,MEDIUM
110,80,671,632,YELLOW,WEST,40,MEDIUM
66,110,1983,759,YELLOW,SOUTH,10,SAFE
95,110,1209,706,RED,NORTH,30,MEDIUM
61,90,1284,111,YELLOW,EAST,10,SAFE
47,110,312,200,RED,NORTH,30,MEDIUM
71,80,705,622,YELLOW,EAST,10,SAFE
55,90,1325,474,RED,SOUTH,30,MEDIUM
69,110,699,726,GREEN,WEST,40,MEDIUM
89,90,409,658,RED,WEST,70,HIGH
104,90,211,745,YELLOW,EAST,80,HIGH
104,90,710,283,GREEN,NORTH,30,MEDIUM
92,90,955,389,YELLOW,WEST,40,MEDIUM
96,120,235,423,GREEN,EAST,40,MEDIUM
49,90,915,379,RED,NORTH,30,MEDIUM
43,110,922,316,YELLOW,SOUTH,10,SAFE
108,80,666,427,YELLOW,NORTH,40,MEDIUM
87,110,1451,282,RED,NORTH,30,MEDIUM
125,80,1312,637,GREEN,NORTH,30,MEDIUM
49,110,1627,542,YELLOW,SOUTH,10,SAFE
62,110,581,176,GREEN,WEST,0,SAFE
79,110,869,777,RED,SOUTH,30,MEDIUM
40,110,1953,323,GREEN,SOUTH,0,SAFE
88,120,1393,437,RED,WEST,30,MEDIUM
58,80,423,723,RED,EAST,70,HIGH
46,110,1279,630,RED,SOUTH,30,MEDIUM
127,80,855,131,GREEN,WEST,30,MEDIUM
84,110,1829,236,GREEN,EAST,0,SAFE
96,80,610,644,YELLOW,SOUTH,80,HIGH
46,120,676,232,YELLOW,NORTH,10,SAFE
57,90,1729,293,YELLOW,SOUTH,10,SAFE
119,120,1999,194,GREEN,NORTH,0,SAFE
127,90,1001,449,RED,SOUTH,60,MEDIUM
86,80,1222,154,RED,WEST,60,MEDIUM
97,120,108,742,GREEN,SOUTH,40,MEDIUM
127,100,1735,176,RED,EAST,60,MEDIUM
50,90,765,260,RED,SOUTH,30,MEDIUM
94,120,911,548,RED,WEST,30,MEDIUM
119,110,1308,462,RED,SOUTH,60,MEDIUM
40,120,935,328,YELLOW,EAST,10,SAFE
110,90,1804,706,YELLOW,EAST,40,MEDIUM
83,110,1769,502,GREEN,WEST,0,SAFE
68,120,1165,580,RED,EAST,30,MEDIUM
89,110,1327,451,RED,WEST,30,MEDIUM
76,100,1877,744,RED,WEST,30,MEDIUM
57,90,1471,639,GREEN,SOUTH,0,SAFE
98,80,422,294,GREEN,NORTH,30,MEDIUM
63,110,325,687,GREEN,SOUTH,40,MEDIUM
76,120,558,679,YELLOW,SOUTH,50,MEDIUM
127,100,1190,778,RED,NORTH,60,MEDIUM
98,90,259,698,YELLOW,NORTH,80,HIGH
88,110,416,719,YELLOW,WEST,50,MEDIUM
40,110,706,609,RED,SOUTH,30,MEDIUM
101,100,1647,570,YELLOW,EAST,40,MEDIUM
46,100,548,477,GREEN,EAST,0,SAFE
50,80,1517,151,GREEN,SOUTH,0,SAFE
118,80,1806,581,YELLOW,EAST,40,MEDIUM
57,120,389,199,RED,NORTH,30,MEDIUM
67,110,1267,783,RED,NORTH,30,MEDIUM
81,80,1057,549,YELLOW,EAST,40,MEDIUM
119,80,1523,293,YELLOW,SOUTH,40,MEDIUM
47,90,1614,599,YELLOW,EAST,10,SAFE
87,80,1816,409,GREEN,EAST,30,MEDIUM
61,90,1292,541,YELLOW,EAST,10,SAFE
63,90,1655,528,RED,NORTH,30,MEDIUM
64,120,1858,445,GREEN,SOUTH,0,SAFE
92,110,323,515,GREEN,WEST,40,MEDIUM
50,90,1092,676,GREEN,EAST,0,SAFE
69,100,275,267,RED,NORTH,30,MEDIUM
60,110,494,511,GREEN,WEST,40,MEDIUM
49,80,1040,752,RED,EAST,30,MEDIUM
118,120,991,398,GREEN,WEST,0,SAFE
122,110,979,274,RED,SOUTH,60,MEDIUM
62,110,152,496,YELLOW,EAST,50,MEDIUM
84,80,466,219,RED,EAST,60,MEDIUM
59,90,1555,532,YELLOW,WEST,10,SAFE
105,110,1631,642,RED,EAST,30,MEDIUM
62,110,1156,548,GREEN,SOUTH,0,SAFE
124,100,383,155,RED,SOUTH,60,MEDIUM
129,80,1554,461,YELLOW,NORTH,40,MEDIUM
79,80,587,334,RED,EAST,30,MEDIUM
59,120,1261,267,YELLOW,NORTH,10,SAFE
49,100,471,597,YELLOW,WEST,50,MEDIUM
109,80,510,234,GREEN,EAST,30,MEDIUM
88,120,337,769,YELLOW,SOUTH,50,MEDIUM
108,110,1236,355,RED,NORTH,30,MEDIUM
81,100,1235,399,GREEN,NORTH,0,SAFE
44,110,746,687,YELLOW,SOUTH,10,SAFE
94,80,432,253,YELLOW,SOUTH,40,MEDIUM
122,80,1647,549,GREEN,NORTH,30,MEDIUM
101,100,1079,363,GREEN,EAST,30,MEDIUM
129,90,1486,699,RED,NORTH,60,MEDIUM
122,80,1772,387,YELLOW,SOUTH,40,MEDIUM
70,100,1927,533,GREEN,WEST,0,SAFE
99,90,1203,540,GREEN,WEST,30,MEDIUM
58,80,1591,157,YELLOW,SOUTH,10,SAFE
100,80,1836,415,GREEN,NORTH,30,MEDIUM
78,100,850,320,RED,NORTH,30,MEDIUM
46,80,530,756,YELLOW,NORTH,50,MEDIUM
40,110,1380,212,GREEN,EAST,0,SAFE
90,90,661,553,YELLOW,WEST,10,SAFE
93,80,791,723,GREEN,SOUTH,30,MEDIUM
83,80,398,691,GREEN,NORTH,70,HIGH
102,100,954,652,YELLOW,WEST,40,MEDIUM
76,110,874,492,RED,WEST,30,MEDIUM
125,110,1563,202,YELLOW,SOUTH,40,MEDIUM
54,110,446,396,RED,SOUTH,30,MEDIUM
78,120,239,521,GREEN,EAST,40,MEDIUM
78,80,881,316,GREEN,WEST,0,SAFE
101,100,739,251,RED,NORTH,60,MEDIUM
89,120,1961,178,RED,EAST,30,MEDIUM
65,120,342,157,YELLOW,SOUTH,10,SAFE
120,90,1291,274,YELLOW,WEST,40,MEDIUM
42,110,474,465,YELLOW,WEST,10,SAFE
42,120,777,598,YELLOW,EAST,10,SAFE
87,120,449,712,GREEN,WEST,40,MEDIUM
64,90,971,231,RED,EAST,30,MEDIUM
98,110,776,420,RED,WEST,30,MEDIUM
86,80,123,226,GREEN,NORTH,70,HIGH
88,120,1023,458,GREEN,SOUTH,0,SAFE
77,110,1882,672,GREEN,NORTH,0,SAFE
101,110,1500,152,GREEN,NORTH,0,SAFE
128,120,819,657,YELLOW,NORTH,40,MEDIUM
102,100,1290,752,YELLOW,EAST,40,MEDIUM
101,90,1513,539,RED,EAST,60,MEDIUM
129,100,1369,133,GREEN,NORTH,30,MEDIUM
118,110,1418,411,GREEN,NORTH,30,MEDIUM
52,90,994,509,GREEN,WEST,0,SAFE
69,90,685,323,GREEN,EAST,0,SAFE
92,100,589,291,GREEN,WEST,0,SAFE
113,110,1019,298,RED,WEST,60,MEDIUM
113,110,1460,650,YELLOW,EAST,40,MEDIUM
77,80,1116,572,RED,NORTH,30,MEDIUM
48,90,726,112,GREEN,SOUTH,0,SAFE
100,100,1062,599,RED,NORTH,30,MEDIUM
53,100,918,237,GREEN,EAST,0,SAFE
40,90,1758,386,GREEN,NORTH,0,SAFE
91,120,808,213,RED,WEST,30,MEDIUM
68,90,940,231,GREEN,EAST,0,SAFE
42,110,1927,126,GREEN,SOUTH,0,SAFE
87,100,769,105,GREEN,NORTH,0,SAFE
56,100,587,528,RED,EAST,30,MEDIUM
90,90,1670,459,YELLOW,NORTH,10,SAFE
116,100,1787,698,YELLOW,WEST,40,MEDIUM
86,80,1735,364,RED,NORTH,60,MEDIUM
129,90,501,450,GREEN,EAST,30,MEDIUM
41,100,646,540,RED,EAST,30,MEDIUM
123,120,399,763,GREEN,NORTH,70,HIGH
74,120,318,747,GREEN,NORTH,40,MEDIUM
117,120,1953,196,RED,EAST,30,MEDIUM
77,100,947,728,GREEN,SOUTH,0,SAFE
51,100,1118,700,RED,EAST,30,MEDIUM
119,120,1192,417,RED,SOUTH,30,MEDIUM
50,80,850,173,YELLOW,WEST,10,SAFE
77,90,1969,450,YELLOW,WEST,10,SAFE
46,80,695,213,RED,NORTH,30,MEDIUM
87,100,620,102,YELLOW,SOUTH,10,SAFE
71,110,321,418,GREEN,SOUTH,40,MEDIUM
41,100,1041,419,GREEN,WEST,0,SAFE
69,80,1914,675,RED,SOUTH,30,MEDIUM
79,120,774,496,GREEN,WEST,0,SAFE
55,80,1086,364,RED,NORTH,30,MEDIUM
88,90,374,308,GREEN,EAST,0,SAFE
124,100,1173,191,RED,EAST,60,MEDIUM
91,110,351,517,GREEN,WEST,40,MEDIUM
125,80,340,578,RED,NORTH,100,HIGH
125,100,192,523,YELLOW,NORTH,80,HIGH
51,80,335,544,GREEN,NORTH,40,MEDIUM
40,100,953,258,YELLOW,SOUTH,10,SAFE
118,100,1887,442,GREEN,EAST,30,MEDIUM
108,110,1361,696,GREEN,EAST,0,SAFE
83,80,687,260,YELLOW,EAST,40,MEDIUM
46,110,1816,466,GREEN,SOUTH,0,SAFE
95,90,869,561,RED,WEST,60,MEDIUM
64,110,1312,186,GREEN,WEST,0,SAFE
80,120,221,123,YELLOW,NORTH,10,SAFE
63,80,978,272,GREEN,WEST,0,SAFE
82,80,1695,676,RED,EAST,60,MEDIUM
125,90,757,593,YELLOW,WEST,40,MEDIUM
106,110,887,467,YELLOW,EAST,10,SAFE
102,80,367,321,RED,NORTH,60,MEDIUM
88,120,817,239,GREEN,WEST,0,SAFE
116,120,1592,243,GREEN,EAST,0,SAFE
60,100,863,420,RED,WEST,30,MEDIUM
51,90,1556,503,YELLOW,EAST,10,SAFE
114,110,1828,585,RED,NORTH,60,MEDIUM
123,90,653,526,GREEN,SOUTH,30,MEDIUM
118,80,1668,159,YELLOW,WEST,40,MEDIUM
125,110,1757,326,YELLOW,NORTH,40,MEDIUM
52,110,1275,567,RED,WEST,30,MEDIUM
70,100,1241,122,GREEN,NORTH,0,SAFE
76,90,1973,332,RED,EAST,30,MEDIUM
125,90,897,413,GREEN,NORTH,30,MEDIUM
51,120,1021,745,RED,SOUTH,30,MEDIUM
75,90,538,241,RED,EAST,30,MEDIUM
77,110,753,657,GREEN,WEST,0,SAFE
102,100,261,273,YELLOW,NORTH,80,HIGH
45,110,893,522,YELLOW,NORTH,10,SAFE
68,100,461,470,GREEN,EAST,40,MEDIUM
48,80,1357,438,YELLOW,WEST,10,SAFE
127,90,969,177,RED,EAST,60,MEDIUM
87,100,793,271,GREEN,SOUTH,0,SAFE
96,90,420,149,YELLOW,EAST,40,MEDIUM
56,100,128,426,GREEN,WEST,40,MEDIUM
70,100,1870,590,GREEN,SOUTH,0,SAFE
60,80,1383,652,RED,SOUTH,30,MEDIUM
48,110,280,474,RED,EAST,70,HIGH
55,80,1676,208,YELLOW,SOUTH,10,SAFE
95,90,1137,490,YELLOW,NORTH,40,MEDIUM
66,90,936,641,RED,WEST,30,MEDIUM
128,90,1699,491,YELLOW,EAST,40,MEDIUM
101,120,1140,113,GREEN,WEST,0,SAFE
119,110,1692,455,RED,WEST,60,MEDIUM
56,110,1116,624,YELLOW,NORTH,10,SAFE
84,90,646,302,GREEN,SOUTH,0,SAFE
118,120,790,397,RED,WEST,30,MEDIUM
92,110,1462,765,RED,WEST,30,MEDIUM
42,120,407,677,YELLOW,NORTH,50,MEDIUM
124,120,928,780,YELLOW,EAST,40,MEDIUM
120,90,1847,784,RED,EAST,60,MEDIUM
130,80,511,197,RED,SOUTH,60,MEDIUM
41,100,1453,539,RED,NORTH,30,MEDIUM
78,90,1002,563,GREEN,WEST,0,SAFE
99,90,1024,318,RED,WEST,60,MEDIUM
77,120,1646,318,GREEN,SOUTH,0,SAFE
118,100,874,243,YELLOW,EAST,40,MEDIUM
99,110,1130,518,GREEN,NORTH,0,SAFE
49,80,495,719,YELLOW,WEST,50,MEDIUM
49,100,1465,284,GREEN,EAST,0,SAFE
95,80,1085,354,GREEN,NORTH,30,MEDIUM
86,80,1398,369,RED,EAST,60,MEDIUM
88,80,101,139,GREEN,SOUTH,70,HIGH
120,110,1394,722,GREEN,SOUTH,30,MEDIUM
52,90,1649,563,YELLOW,WEST,10,SAFE
106,120,681,723,RED,SOUTH,70,HIGH
90,120,1523,328,YELLOW,NORTH,10,SAFE
45,100,1981,145,GREEN,SOUTH,0,SAFE
127,110,1018,251,RED,NORTH,60,MEDIUM
125,110,1334,424,YELLOW,EAST,40,MEDIUM
48,90,895,411,GREEN,NORTH,0,SAFE
118,120,690,363,YELLOW,WEST,10,SAFE
92,120,1891,109,GREEN,EAST,0,SAFE
95,110,796,787,RED,SOUTH,30,MEDIUM
64,90,1802,209,YELLOW,WEST,10,SAFE
128,110,870,436,YELLOW,EAST,40,MEDIUM
99,100,1651,788,YELLOW,WEST,10,SAFE
104,80,1779,417,GREEN,SOUTH,30,MEDIUM
90,110,997,518,YELLOW,EAST,10,SAFE
126,120,1067,606,GREEN,SOUTH,30,MEDIUM
94,110,1112,176,GREEN,NORTH,0,SAFE
95,110,745,381,GREEN,SOUTH,0,SAFE
43,90,1998,624,YELLOW,NORTH,10,SAFE
104,120,1478,627,GREEN,WEST,0,SAFE
41,90,194,736,GREEN,NORTH,40,MEDIUM
58,90,1519,285,YELLOW,SOUTH,10,SAFE
69,90,491,380,GREEN,NORTH,0,SAFE
49,90,1130,579,GREEN,EAST,0,SAFE
130,80,1459,499,YELLOW,NORTH,40,MEDIUM
100,120,468,774,YELLOW,SOUTH,50,MEDIUM
44,120,1342,233,YELLOW,NORTH,10,SAFE
59,90,1058,270,RED,EAST,30,MEDIUM
100,120,1356,244,RED,WEST,30,MEDIUM
85,110,226,510,YELLOW,SOUTH,50,MEDIUM
73,80,986,324,YELLOW,SOUTH,10,SAFE
45,120,1568,762,RED,SOUTH,30,MEDIUM
122,100,961,791,YELLOW,WEST,40,MEDIUM
78,80,394,741,RED,NORTH,70,HIGH
84,110,1437,716,GREEN,NORTH,0,SAFE
41,80,1333,138,GREEN,NORTH,0,SAFE
128,110,1608,663,GREEN,EAST,30,MEDIUM
103,100,274,591,GREEN,WEST,70,HIGH
111,80,1333,145,YELLOW,SOUTH,40,MEDIUM
48,80,1216,509,YELLOW,SOUTH,10,SAFE
89,90,447,478,GREEN,NORTH,40,MEDIUM
129,120,698,205,RED,EAST,60,MEDIUM
100,80,1673,416,RED,NORTH,60,MEDIUM
82,80,1102,301,GREEN,NORTH,30,MEDIUM
103,110,1714,472,RED,NORTH,30,MEDIUM
48,110,408,650,YELLOW,WEST,50,MEDIUM
57,120,1740,489,YELLOW,EAST,10,SAFE
121,80,1113,155,YELLOW,WEST,40,MEDIUM
41,80,430,257,RED,WEST,30,MEDIUM
61,90,1219,240,YELLOW,EAST,10,SAFE
86,80,1879,521,RED,WEST,60,MEDIUM
120,90,235,284,RED,EAST,100,HIGH
66,90,1538,751,RED,EAST,30,MEDIUM
67,90,1464,318,YELLOW,NORTH,10,SAFE
90,100,915,758,GREEN,SOUTH,0,SAFE
50,80,151,532,RED,SOUTH,70,HIGH
82,100,1643,570,YELLOW,WEST,10,SAFE
119,80,1231,433,YELLOW,EAST,40,MEDIUM
45,100,1535,155,RED,SOUTH,30,MEDIUM
60,80,974,466,GREEN,SOUTH,0,SAFE
64,90,1924,444,YELLOW,NORTH,10,SAFE
97,110,182,239,GREEN,NORTH,40,MEDIUM
49,120,597,549,GREEN,NORTH,0,SAFE
58,100,1288,271,GREEN,NORTH,0,SAFE
45,120,273,611,GREEN,NORTH,40,MEDIUM
81,90,543,228,RED,EAST,30,MEDIUM
116,90,1835,344,RED,EAST,60,MEDIUM
95,100,885,776,GREEN,NORTH,0,SAFE
58,80,581,540,YELLOW,EAST,10,SAFE
88,120,1099,780,YELLOW,EAST,10,SAFE
104,110,287,369,GREEN,WEST,40,MEDIUM
46,110,1405,743,YELLOW,SOUTH,10,SAFE
89,80,849,199,GREEN,WEST,30,MEDIUM
127,80,997,247,YELLOW,NORTH,40,MEDIUM
64,110,1122,347,RED,SOUTH,30,MEDIUM
107,120,1280,708,RED,SOUTH,30,MEDIUM
110,110,1906,280,YELLOW,SOUTH,10,SAFE
43,90,1011,507,YELLOW,WEST,10,SAFE
77,100,1414,786,YELLOW,WEST,10,SAFE
64,90,1871,289,RED,NORTH,30,MEDIUM
69,110,733,469,YELLOW,SOUTH,10,SAFE
42,90,101,736,YELLOW,EAST,50,MEDIUM
82,120,257,127,YELLOW,EAST,10,SAFE
64,120,1069,777,RED,EAST,30,MEDIUM
86,80,1596,775,GREEN,WEST,30,MEDIUM
84,80,1651,449,YELLOW,WEST,40,MEDIUM
65,120,328,663,GREEN,WEST,40,MEDIUM
93,110,1188,426,RED,NORTH,30,MEDIUM
79,110,1865,793,GREEN,NORTH,0,SAFE
98,90,250,718,RED,NORTH,100,HIGH
59,110,1319,262,GREEN,WEST,0,SAFE
44,110,965,549,YELLOW,WEST,10,SAFE
92,80,1307,233,GREEN,WEST,30,MEDIUM
41,80,988,452,YELLOW,EAST,10,SAFE
94,110,1360,136,RED,SOUTH,30,MEDIUM
75,80,469,329,GREEN,EAST,0,SAFE
118,120,1033,363,YELLOW,WEST,10,SAFE
45,100,1657,743,YELLOW,WEST,10,SAFE
103,100,330,153,YELLOW,WEST,40,MEDIUM
79,110,1508,195,RED,WEST,30,MEDIUM
43,110,324,234,RED,SOUTH,30,MEDIUM
54,80,187,556,RED,WEST,70,HIGH
84,110,1923,203,GREEN,NORTH,0,SAFE
51,90,290,143,RED,EAST,30,MEDIUM
111,90,462,132,RED,NORTH,60,MEDIUM
63,110,1583,591,RED,WEST,30,MEDIUM
72,80,765,565,RED,WEST,30,MEDIUM
85,120,592,309,YELLOW,SOUTH,10,SAFE
58,90,818,750,GREEN,NORTH,0,SAFE
49,120,172,627,RED,WEST,70,HIGH
62,90,1597,569,RED,NORTH,30,MEDIUM
88,90,149,453,YELLOW,EAST,50,MEDIUM
72,110,1317,639,RED,EAST,30,MEDIUM
91,90,1386,155,GREEN,WEST,30,MEDIUM
101,120,1999,777,GREEN,WEST,0,SAFE
65,80,214,490,RED,SOUTH,70,HIGH
51,100,804,505,GREEN,SOUTH,0,SAFE
54,100,1703,528,RED,NORTH,30,MEDIUM
57,120,879,421,RED,WEST,30,MEDIUM
48,120,1627,487,RED,EAST,30,MEDIUM
62,80,1999,734,YELLOW,NORTH,10,SAFE
55,80,579,548,YELLOW,SOUTH,10,SAFE
124,120,1150,778,RED,EAST,60,MEDIUM
117,120,679,296,GREEN,EAST,0,SAFE
47,80,1599,387,RED,SOUTH,30,MEDIUM
70,110,267,434,GREEN,SOUTH,40,MEDIUM
126,120,1802,305,GREEN,WEST,30,MEDIUM
74,100,1083,621,RED,WEST,30,MEDIUM
122,120,1771,684,GREEN,NORTH,30,MEDIUM
125,80,558,221,YELLOW,WEST,40,MEDIUM
86,120,1870,315,RED,EAST,30,MEDIUM
98,110,1234,511,YELLOW,SOUTH,10,SAFE
113,110,815,563,YELLOW,NORTH,40,MEDIUM
112,80,687,322,GREEN,SOUTH,30,MEDIUM
99,100,497,220,RED,WEST,30,MEDIUM
106,100,151,407,GREEN,NORTH,70,HIGH
110,120,1752,160,YELLOW,NORTH,10,SAFE
91,100,1439,751,YELLOW,NORTH,10,SAFE
45,120,1515,299,GREEN,NORTH,0,SAFE
117,100,555,296,GREEN,WEST,30,MEDIUM
44,90,1586,438,YELLOW,EAST,10,SAFE
45,90,1842,280,GREEN,SOUTH,0,SAFE
103,80,1006,665,RED,NORTH,60,MEDIUM
100,100,1293,422,GREEN,SOUTH,0,SAFE
117,120,1583,136,GREEN,NORTH,0,SAFE
54,90,608,385,YELLOW,NORTH,10,SAFE
86,80,1160,279,YELLOW,WEST,40,MEDIUM
128,80,1107,429,RED,EAST,60,MEDIUM
84,110,1409,598,GREEN,SOUTH,0,SAFE
101,90,1155,328,GREEN,SOUTH,30,MEDIUM
76,80,1466,704,RED,WEST,30,MEDIUM
85,80,1285,587,RED,NORTH,60,MEDIUM
120,90,528,489,RED,SOUTH,60,MEDIUM
58,120,536,371,YELLOW,EAST,10,SAFE
79,100,1497,317,GREEN,SOUTH,0,SAFE
79,90,1425,632,YELLOW,NORTH,10,SAFE
117,110,1127,178,GREEN,NORTH,30,MEDIUM
104,90,497,486,GREEN,EAST,30,MEDIUM
56,110,395,195,RED,EAST,30,MEDIUM
84,90,194,158,RED,EAST,30,MEDIUM
113,80,1930,724,RED,EAST,60,MEDIUM
59,110,1214,554,GREEN,WEST,0,SAFE
60,100,633,268,YELLOW,WEST,10,SAFE
126,90,893,355,YELLOW,WEST,40,MEDIUM
121,120,1176,632,YELLOW,EAST,40,MEDIUM
118,80,1474,359,RED,WEST,60,MEDIUM
53,80,1489,373,YELLOW,WEST,10,SAFE
45,100,1685,275,YELLOW,WEST,10,SAFE
62,110,928,537,RED,EAST,30,MEDIUM
107,100,283,410,GREEN,WEST,70,HIGH
61,80,827,264,YELLOW,EAST,10,SAFE
114,120,1341,685,RED,EAST,30,MEDIUM
49,120,262,152,GREEN,WEST,0,SAFE
46,90,1091,337,GREEN,EAST,0,SAFE
129,110,904,539,YELLOW,SOUTH,40,MEDIUM
120,80,890,372,RED,WEST,60,MEDIUM
84,120,1398,211,GREEN,WEST,0,SAFE
114,90,116,346,YELLOW,EAST,80,HIGH
128,90,1208,429,GREEN,EAST,30,MEDIUM
105,90,130,157,RED,WEST,100,HIGH
60,110,1397,270,YELLOW,EAST,10,SAFE
99,120,1120,414,GREEN,EAST,0,SAFE
64,80,1162,531,RED,NORTH,30,MEDIUM
92,80,895,680,YELLOW,WEST,40,MEDIUM
51,110,164,473,GREEN,SOUTH,40,MEDIUM
60,90,1365,745,RED,WEST,30,MEDIUM
105,100,303,111,YELLOW,NORTH,40,MEDIUM
51,110,950,355,RED,SOUTH,30,MEDIUM
75,110,1742,450,YELLOW,NORTH,10,SAFE
51,120,1965,281,YELLOW,WEST,10,SAFE
70,100,1272,752,YELLOW,EAST,10,SAFE
111,110,1305,473,YELLOW,NORTH,40,MEDIUM
59,80,1250,702,YELLOW,SOUTH,10,SAFE
74,120,1475,109,RED,EAST,30,MEDIUM
92,80,1492,296,GREEN,SOUTH,30,MEDIUM
95,100,1919,797,YELLOW,NORTH,10,SAFE
51,90,1056,707,GREEN,WEST,0,SAFE
92,80,1367,532,RED,WEST,60,MEDIUM
118,100,1140,566,YELLOW,NORTH,40,MEDIUM
82,110,1643,544,RED,SOUTH,30,MEDIUM
128,80,576,361,GREEN,EAST,30,MEDIUM
62,120,1767,364,GREEN,WEST,0,SAFE
73,80,1358,342,GREEN,NORTH,0,SAFE
68,80,617,105,RED,WEST,30,MEDIUM
58,110,1969,552,RED,SOUTH,30,MEDIUM
91,120,990,262,YELLOW,EAST,10,SAFE
59,120,1117,117,RED,NORTH,30,MEDIUM
80,110,1799,608,GREEN,NORTH,0,SAFE
98,110,1323,485,RED,WEST,30,MEDIUM
80,120,578,306,YELLOW,EAST,10,SAFE
81,80,554,538,RED,EAST,60,MEDIUM
41,90,1730,519,RED,NORTH,30,MEDIUM
120,90,1780,717,GREEN,WEST,30,MEDIUM
83,80,1107,458,RED,EAST,60,MEDIUM
53,80,933,313,RED,NORTH,30,MEDIUM
58,120,1508,549,YELLOW,EAST,10,SAFE
110,80,187,759,RED,SOUTH,100,HIGH
76,100,820,356,GREEN,SOUTH,0,SAFE
111,110,1269,747,YELLOW,SOUTH,40,MEDIUM
61,110,102,428,RED,WEST,70,HIGH
114,100,1323,628,GREEN,WEST,30,MEDIUM
59,120,1651,591,YELLOW,SOUTH,10,SAFE
64,110,296,380,YELLOW,NORTH,50,MEDIUM
50,90,871,361,RED,EAST,30,MEDIUM
105,100,187,148,YELLOW,WEST,40,MEDIUM
72,80,1275,359,RED,WEST,30,MEDIUM
66,80,1233,414,RED,SOUTH,30,MEDIUM
73,120,1285,621,RED,EAST,30,MEDIUM
65,90,271,611,GREEN,EAST,40,MEDIUM
58,110,205,672,YELLOW,NORTH,50,MEDIUM
69,120,1305,755,GREEN,EAST,0,SAFE
129,110,561,682,YELLOW,EAST,80,HIGH
64,90,148,129,RED,EAST,30,MEDIUM
48,110,806,472,RED,EAST,30,MEDIUM
40,120,410,423,YELLOW,SOUTH,50,MEDIUM
77,80,884,489,RED,SOUTH,30,MEDIUM
58,110,139,255,YELLOW,NORTH,50,MEDIUM
122,120,566,386,YELLOW,SOUTH,40,MEDIUM
110,120,1491,501,RED,WEST,30,MEDIUM
53,120,1055,233,RED,NORTH,30,MEDIUM
88,120,1383,727,RED,SOUTH,30,MEDIUM
52,90,1017,758,GREEN,SOUTH,0,SAFE
95,120,1286,527,GREEN,EAST,0,SAFE
56,80,278,578,GREEN,WEST,40,MEDIUM
85,100,1408,237,GREEN,WEST,0,SAFE
45,110,128,416,RED,WEST,70,HIGH
127,90,1175,638,YELLOW,EAST,40,MEDIUM
79,120,942,399,YELLOW,NORTH,10,SAFE
84,120,1192,141,YELLOW,NORTH,10,SAFE
46,120,1566,421,YELLOW,NORTH,10,SAFE
113,90,1196,505,GREEN,EAST,30,MEDIUM
48,120,757,566,GREEN,WEST,0,SAFE
81,80,634,357,GREEN,SOUTH,30,MEDIUM
75,90,1654,274,YELLOW,NORTH,10,SAFE
113,80,1684,647,RED,WEST,60,MEDIUM
101,80,1974,159,YELLOW,WEST,40,MEDIUM
53,90,1149,150,YELLOW,SOUTH,10,SAFE
123,90,498,455,RED,NORTH,60,MEDIUM
49,110,1624,442,RED,EAST,30,MEDIUM
59,120,1802,272,GREEN,EAST,0,SAFE
112,100,1382,302,RED,NORTH,60,MEDIUM
80,80,1185,670,GREEN,NORTH,0,SAFE
109,80,1442,624,GREEN,WEST,30,MEDIUM
88,120,1216,301,RED,SOUTH,30,MEDIUM
70,100,847,261,RED,SOUTH,30,MEDIUM
65,80,1301,412,GREEN,WEST,0,SAFE
129,90,569,325,RED,EAST,60,MEDIUM
52,90,1278,772,YELLOW,EAST,10,SAFE
49,110,1704,206,YELLOW,EAST,10,SAFE
130,120,964,217,RED,EAST,60,MEDIUM
45,100,1263,286,YELLOW,WEST,10,SAFE
43,80,366,114,GREEN,WEST,0,SAFE
96,80,1297,705,GREEN,WEST,30,MEDIUM
123,110,1127,600,GREEN,NORTH,30,MEDIUM
95,80,771,354,RED,WEST,60,MEDIUM
98,120,1271,540,RED,WEST,30,MEDIUM
91,100,1414,126,YELLOW,EAST,10,SAFE
46,100,1776,393,GREEN,NORTH,0,SAFE
66,80,857,797,YELLOW,NORTH,10,SAFE
96,110,243,189,YELLOW,NORTH,10,SAFE
121,90,1923,712,YELLOW,WEST,40,MEDIUM
96,100,1372,274,GREEN,SOUTH,0,SAFE
57,100,439,691,RED,NORTH,70,HIGH
52,120,196,613,RED,NORTH,70,HIGH
57,90,137,248,YELLOW,EAST,50,MEDIUM
45,100,1974,629,GREEN,SOUTH,0,SAFE
95,100,1604,774,YELLOW,NORTH,10,SAFE
44,100,458,780,YELLOW,NORTH,50,MEDIUM
104,120,1952,116,RED,SOUTH,30,MEDIUM
120,80,288,189,GREEN,WEST,30,MEDIUM
71,100,145,308,GREEN,EAST,40,MEDIUM
59,80,1386,586,RED,SOUTH,30,MEDIUM
89,120,1566,327,GREEN,EAST,0,SAFE
70,110,1367,420,RED,WEST,30,MEDIUM
117,80,125,281,RED,WEST,100,HIGH
45,120,904,230,GREEN,WEST,0,SAFE
92,80,1988,497,YELLOW,SOUTH,40,MEDIUM
130,90,1591,208,RED,WEST,60,MEDIUM
80,100,558,191,RED,NORTH,30,MEDIUM
44,120,1833,296,GREEN,NORTH,0,SAFE
75,120,572,791,YELLOW,NORTH,50,MEDIUM
130,110,895,353,RED,SOUTH,60,MEDIUM
63,100,1534,271,YELLOW,WEST,10,SAFE
83,90,1028,157,GREEN,WEST,0,SAFE
121,120,1169,371,RED,SOUTH,60,MEDIUM
53,80,159,615,YELLOW,WEST,50,MEDIUM
65,80,1420,185,GREEN,WEST,0,SAFE
78,90,1949,701,YELLOW,SOUTH,10,SAFE
42,100,442,416,GREEN,SOUTH,0,SAFE
126,110,417,196,GREEN,WEST,30,MEDIUM
82,90,529,634,RED,NORTH,70,HIGH
63,100,956,271,RED,SOUTH,30,MEDIUM
124,90,1586,469,YELLOW,NORTH,40,MEDIUM
129,110,782,442,GREEN,EAST,30,MEDIUM
66,100,1900,786,GREEN,SOUTH,0,SAFE
87,90,1092,776,YELLOW,NORTH,10,SAFE
92,120,557,721,YELLOW,EAST,50,MEDIUM
94,100,1965,292,GREEN,WEST,0,SAFE
96,120,1494,464,RED,EAST,30,MEDIUM
84,120,1861,631,GREEN,NORTH,0,SAFE
74,110,1189,340,YELLOW,EAST,10,SAFE
79,100,1990,540,YELLOW,SOUTH,10,SAFE
45,80,1255,331,GREEN,WEST,0,SAFE
124,80,905,611,GREEN,WEST,30,MEDIUM
84,90,671,226,GREEN,NORTH,0,SAFE
44,90,926,155,GREEN,EAST,0,SAFE
42,80,1368,530,RED,NORTH,30,MEDIUM
107,90,1260,434,RED,EAST,60,MEDIUM
126,120,539,209,YELLOW,EAST,40,MEDIUM
65,110,1505,537,GREEN,WEST,0,SAFE
48,110,480,361,RED,WEST,30,MEDIUM
108,110,1917,476,RED,NORTH,30,MEDIUM
61,80,1140,577,GREEN,SOUTH,0,SAFE
98,120,517,244,RED,SOUTH,30,MEDIUM
102,90,1884,104,RED,EAST,60,MEDIUM
44,110,1980,179,YELLOW,NORTH,10,SAFE
86,80,876,789,RED,WEST,60,MEDIUM
66,90,1977,620,GREEN,SOUTH,0,SAFE
47,90,557,215,GREEN,SOUTH,0,SAFE
121,80,1544,165,YELLOW,WEST,40,MEDIUM
130,110,1111,267,GREEN,NORTH,30,MEDIUM
119,100,1569,560,GREEN,EAST,30,MEDIUM
59,110,881,273,YELLOW,WEST,10,SAFE
49,100,291,372,YELLOW,NORTH,50,MEDIUM
116,110,664,496,RED,SOUTH,60,MEDIUM
124,120,413,242,RED,WEST,60,MEDIUM
108,120,1699,705,YELLOW,WEST,10,SAFE
102,90,973,189,YELLOW,NORTH,40,MEDIUM
51,90,1769,551,YELLOW,SOUTH,10,SAFE
76,80,1646,616,RED,EAST,30,MEDIUM
67,100,956,106,GREEN,EAST,0,SAFE
107,90,1394,101,RED,SOUTH,60,MEDIUM
41,100,611,353,RED,NORTH,30,MEDIUM
63,120,1994,249,GREEN,WEST,0,SAFE
64,90,490,525,GREEN,WEST,40,MEDIUM
108,120,680,607,RED,NORTH,30,MEDIUM
66,80,1521,751,RED,EAST,30,MEDIUM
122,110,419,116,YELLOW,EAST,40,MEDIUM
123,80,201,715,GREEN,WEST,70,HIGH
46,120,1218,202,RED,WEST,30,MEDIUM
84,90,896,519,RED,NORTH,30,MEDIUM
63,80,315,494,GREEN,SOUTH,40,MEDIUM
94,90,1442,552,GREEN,SOUTH,30,MEDIUM
123,80,1482,632,GREEN,EAST,30,MEDIUM
97,120,783,437,GREEN,WEST,0,SAFE
47,80,1907,767,YELLOW,EAST,10,SAFE
102,80,155,665,RED,EAST,100,HIGH
95,100,959,278,RED,EAST,30,MEDIUM
127,120,1637,371,GREEN,EAST,30,MEDIUM
52,100,1202,171,GREEN,EAST,0,SAFE
92,120,1471,120,GREEN,SOUTH,0,SAFE
123,80,958,274,RED,WEST,60,MEDIUM
40,100,412,648,GREEN,SOUTH,40,MEDIUM
114,100,1862,297,RED,NORTH,60,MEDIUM
121,120,913,513,RED,NORTH,60,MEDIUM
48,120,200,379,YELLOW,SOUTH,50,MEDIUM
45,100,1381,387,RED,WEST,30,MEDIUM
67,100,866,284,YELLOW,WEST,10,SAFE
51,100,1153,586,RED,NORTH,30,MEDIUM
94,120,1005,361,GREEN,NORTH,0,SAFE
103,120,1489,800,GREEN,SOUTH,0,SAFE
41,90,1269,683,RED,EAST,30,MEDIUM
80,100,1796,719,RED,WEST,30,MEDIUM
125,110,1466,448,YELLOW,SOUTH,40,MEDIUM
93,80,1401,371,YELLOW,NORTH,40,MEDIUM
48,80,1773,596,YELLOW,NORTH,10,SAFE
79,110,1997,404,YELLOW,NORTH,10,SAFE
98,110,1234,439,GREEN,WEST,0,SAFE
107,90,134,347,YELLOW,SOUTH,80,HIGH
61,100,735,204,YELLOW,SOUTH,10,SAFE
82,90,769,241,GREEN,WEST,0,SAFE
93,100,333,160,GREEN,NORTH,0,SAFE
127,80,120,678,RED,EAST,100,HIGH
65,90,817,213,GREEN,SOUTH,0,SAFE
95,100,1899,395,RED,SOUTH,30,MEDIUM
76,120,540,122,YELLOW,EAST,10,SAFE
114,120,1161,496,GREEN,EAST,0,SAFE
66,80,1102,661,YELLOW,SOUTH,10,SAFE
97,120,939,328,GREEN,WEST,0,SAFE
120,120,1230,352,RED,WEST,30,MEDIUM
44,100,1225,298,GREEN,EAST,0,SAFE
76,110,439,665,GREEN,EAST,40,MEDIUM
81,80,1716,556,YELLOW,NORTH,40,MEDIUM
115,80,1258,579,YELLOW,SOUTH,40,MEDIUM
111,110,1628,478,GREEN,SOUTH,30,MEDIUM
62,120,1834,640,RED,EAST,30,MEDIUM
100,110,1844,631,GREEN,EAST,0,SAFE
61,110,1965,143,GREEN,WEST,0,SAFE
52,90,1109,309,GREEN,SOUTH,0,SAFE
50,120,1459,457,GREEN,EAST,0,SAFE
125,120,696,135,YELLOW,WEST,40,MEDIUM
125,80,1714,588,RED,WEST,60,MEDIUM
109,90,1271,522,GREEN,EAST,30,MEDIUM
59,100,585,374,YELLOW,EAST,10,SAFE
107,80,1366,781,YELLOW,NORTH,40,MEDIUM
124,110,1933,167,YELLOW,EAST,40,MEDIUM
76,120,1099,664,RED,WEST,30,MEDIUM
112,100,1391,130,YELLOW,EAST,40,MEDIUM
127,80,1360,657,YELLOW,EAST,40,MEDIUM
85,120,1190,500,GREEN,WEST,0,SAFE
43,110,1051,779,GREEN,WEST,0,SAFE
44,80,1609,159,GREEN,WEST,0,SAFE
44,80,977,615,GREEN,NORTH,0,SAFE
108,90,1491,541,RED,SOUTH,60,MEDIUM
93,80,1359,543,YELLOW,WEST,40,MEDIUM
97,100,998,585,YELLOW,SOUTH,10,SAFE
52,120,1566,167,YELLOW,EAST,10,SAFE
122,110,354,592,YELLOW,SOUTH,80,HIGH
75,100,708,318,RED,WEST,30,MEDIUM
82,100,172,271,YELLOW,EAST,50,MEDIUM
60,100,1094,736,RED,EAST,30,MEDIUM
75,90,1609,281,YELLOW,NORTH,10,SAFE
127,80,513,329,RED,SOUTH,60,MEDIUM
106,90,1189,150,RED,SOUTH,60,MEDIUM
98,80,258,516,RED,NORTH,100,HIGH
86,110,1112,690,GREEN,SOUTH,0,SAFE
114,110,356,386,YELLOW,WEST,80,HIGH
109,90,1404,719,RED,SOUTH,60,MEDIUM
68,80,1733,384,GREEN,NORTH,0,SAFE
97,110,1718,596,GREEN,WEST,0,SAFE
55,110,1736,399,RED,EAST,30,MEDIUM
114,100,162,160,GREEN,WEST,30,MEDIUM
71,100,858,408,RED,EAST,30,MEDIUM
125,100,1119,240,GREEN,WEST,30,MEDIUM
100,110,1162,362,YELLOW,WEST,10,SAFE
115,80,720,693,RED,EAST,60,MEDIUM
48,110,1037,545,YELLOW,EAST,10,SAFE
47,90,170,438,YELLOW,NORTH,50,MEDIUM
53,90,1349,172,GREEN,SOUTH,0,SAFE
59,110,1361,422,GREEN,NORTH,0,SAFE
93,80,1635,112,YELLOW,EAST,40,MEDIUM
46,90,375,655,YELLOW,NORTH,50,MEDIUM
113,100,629,684,GREEN,WEST,70,HIGH
76,120,1599,342,YELLOW,NORTH,10,SAFE
107,90,1073,274,YELLOW,EAST,40,MEDIUM
59,90,1067,696,YELLOW,EAST,10,SAFE
90,100,848,192,YELLOW,WEST,10,SAFE
43,80,662,585,YELLOW,EAST,10,SAFE
67,120,1117,329,YELLOW,NORTH,10,SAFE
89,90,1262,263,GREEN,EAST,0,SAFE
103,90,512,675,YELLOW,WEST,80,HIGH
57,80,1511,474,YELLOW,NORTH,10,SAFE
109,90,1036,105,YELLOW,SOUTH,40,MEDIUM
86,120,1640,632,RED,WEST,30,MEDIUM
92,80,384,353,GREEN,WEST,30,MEDIUM
98,100,1361,609,RED,NORTH,30,MEDIUM
55,80,837,261,RED,SOUTH,30,MEDIUM
88,90,411,253,RED,SOUTH,30,MEDIUM
117,80,1584,102,RED,EAST,60,MEDIUM
52,80,579,211,GREEN,EAST,0,SAFE
72,100,1624,735,YELLOW,EAST,10,SAFE
127,90,1919,392,GREEN,WEST,30,MEDIUM
49,80,1484,293,RED,WEST,30,MEDIUM
53,100,1911,228,RED,NORTH,30,MEDIUM
107,80,1006,626,RED,NORTH,60,MEDIUM
63,100,1921,671,GREEN,SOUTH,0,SAFE
114,90,616,612,RED,WEST,60,MEDIUM
128,80,1284,180,YELLOW,WEST,40,MEDIUM
70,100,1255,364,GREEN,WEST,0,SAFE
76,100,964,565,YELLOW,WEST,10,SAFE
52,90,1600,509,YELLOW,EAST,10,SAFE
117,120,725,348,GREEN,EAST,0,SAFE
122,100,1725,436,YELLOW,NORTH,40,MEDIUM
108,100,418,720,RED,SOUTH,100,HIGH
43,120,728,701,YELLOW,SOUTH,10,SAFE
103,90,1424,263,RED,EAST,60,MEDIUM
113,120,1637,541,RED,WEST,30,MEDIUM
110,120,1675,646,GREEN,EAST,0,SAFE
111,110,1217,394,GREEN,WEST,30,MEDIUM
127,90,1293,515,RED,WEST,60,MEDIUM
56,100,183,542,GREEN,NORTH,40,MEDIUM
73,120,1653,680,RED,SOUTH,30,MEDIUM
92,120,1678,241,GREEN,SOUTH,0,SAFE
128,100,1837,480,RED,EAST,60,MEDIUM
98,110,1062,128,YELLOW,SOUTH,10,SAFE
128,100,183,608,YELLOW,SOUTH,80,HIGH
51,90,621,162,RED,WEST,30,MEDIUM
44,110,1526,253,YELLOW,SOUTH,10,SAFE
89,90,504,797,RED,EAST,70,HIGH
77,90,1420,751,GREEN,WEST,0,SAFE
72,100,1598,191,GREEN,SOUTH,0,SAFE
106,80,546,527,GREEN,SOUTH,30,MEDIUM
119,110,1512,429,GREEN,NORTH,30,MEDIUM
63,90,487,461,RED,EAST,30,MEDIUM
109,120,1892,519,GREEN,EAST,0,SAFE
94,100,1003,449,YELLOW,NORTH,10,SAFE
108,80,1109,454,YELLOW,SOUTH,40,MEDIUM
54,80,931,188,GREEN,SOUTH,0,SAFE
75,120,892,125,YELLOW,NORTH,10,SAFE
62,110,412,738,RED,EAST,70,HIGH
118,100,1979,733,YELLOW,WEST,40,MEDIUM
103,80,1162,474,YELLOW,NORTH,40,MEDIUM
50,80,361,543,GREEN,NORTH,40,MEDIUM
76,80,1513,614,RED,WEST,30,MEDIUM
62,110,1278,318,GREEN,WEST,0,SAFE
126,100,215,307,YELLOW,SOUTH,80,HIGH
88,80,920,105,RED,SOUTH,60,MEDIUM
120,90,1746,604,RED,EAST,60,MEDIUM
128,100,558,551,GREEN,EAST,30,MEDIUM
121,80,1522,373,GREEN,EAST,30,MEDIUM
91,120,1139,474,YELLOW,NORTH,10,SAFE
128,80,1160,592,YELLOW,SOUTH,40,MEDIUM
78,110,790,100,GREEN,SOUTH,0,SAFE
44,120,1883,196,YELLOW,SOUTH,10,SAFE
122,110,1042,545,RED,SOUTH,60,MEDIUM
86,120,916,772,GREEN,EAST,0,SAFE
123,80,925,304,YELLOW,EAST,40,MEDIUM
61,120,1106,785,GREEN,WEST,0,SAFE
64,90,1974,278,RED,EAST,30,MEDIUM
42,80,1951,216,YELLOW,EAST,10,SAFE
118,110,1867,703,GREEN,NORTH,30,MEDIUM
49,80,1968,275,GREEN,WEST,0,SAFE
91,90,636,301,GREEN,SOUTH,30,MEDIUM
65,100,1368,239,RED,WEST,30,MEDIUM
40,110,1219,363,YELLOW,SOUTH,10,SAFE
82,120,1713,194,YELLOW,EAST,10,SAFE
126,110,1844,510,RED,SOUTH,60,MEDIUM
108,90,1445,691,RED,EAST,60,MEDIUM
111,110,797,325,RED,SOUTH,60,MEDIUM
87,120,651,448,GREEN,WEST,0,SAFE
87,100,201,435,RED,WEST,70,HIGH
83,100,627,282,YELLOW,SOUTH,10,SAFE
41,90,1482,623,GREEN,SOUTH,0,SAFE
90,100,1470,341,GREEN,SOUTH,0,SAFE
95,90,1450,549,RED,WEST,60,MEDIUM
120,120,767,198,RED,WEST,30,MEDIUM
75,100,1920,418,RED,NORTH,30,MEDIUM
60,90,1290,773,GREEN,WEST,0,SAFE
69,120,604,551,RED,SOUTH,30,MEDIUM
61,80,1057,183,RED,WEST,30,MEDIUM
125,80,448,130,YELLOW,EAST,40,MEDIUM
99,90,871,167,YELLOW,WEST,40,MEDIUM
105,90,1330,350,YELLOW,WEST,40,MEDIUM
79,90,882,184,GREEN,SOUTH,0,SAFE
103,120,1795,531,RED,NORTH,30,MEDIUM
47,90,1188,205,YELLOW,WEST,10,SAFE
119,120,909,332,YELLOW,SOUTH,10,SAFE
113,100,1475,246,RED,EAST,60,MEDIUM
119,120,1455,616,RED,NORTH,30,MEDIUM
88,110,1448,188,RED,EAST,30,MEDIUM
69,120,554,514,YELLOW,SOUTH,10,SAFE
81,100,676,349,YELLOW,WEST,10,SAFE
105,90,1348,375,YELLOW,EAST,40,MEDIUM
68,80,975,596,GREEN,SOUTH,0,SAFE
91,90,1168,524,RED,WEST,60,MEDIUM
65,90,1024,453,YELLOW,WEST,10,SAFE
124,110,1727,119,RED,EAST,60,MEDIUM
99,80,1508,625,GREEN,WEST,30,MEDIUM
128,90,959,772,RED,WEST,60,MEDIUM
52,120,1635,190,GREEN,EAST,0,SAFE
69,120,1856,410,YELLOW,SOUTH,10,SAFE
75,100,1281,528,GREEN,SOUTH,0,SAFE
55,90,1780,300,RED,EAST,30,MEDIUM
71,80,1862,297,GREEN,SOUTH,0,SAFE
98,80,263,198,RED,SOUTH,60,MEDIUM
45,120,545,416,GREEN,SOUTH,0,SAFE
108,80,923,160,GREEN,SOUTH,30,MEDIUM
59,100,856,674,RED,EAST,30,MEDIUM
114,110,1947,766,RED,EAST,60,MEDIUM
64,80,303,262,YELLOW,SOUTH,10,SAFE
104,90,1919,214,YELLOW,SOUTH,40,MEDIUM
53,80,1306,233,GREEN,SOUTH,0,SAFE
49,100,1426,688,RED,WEST,30,MEDIUM
73,120,789,658,YELLOW,EAST,10,SAFE
119,80,1551,443,YELLOW,SOUTH,40,MEDIUM
124,90,188,641,GREEN,EAST,70,HIGH
83,110,1303,490,GREEN,WEST,0,SAFE
76,80,1264,626,RED,EAST,30,MEDIUM
116,110,664,161,RED,EAST,60,MEDIUM
81,100,1631,147,GREEN,SOUTH,0,SAFE
64,80,687,248,GREEN,WEST,0,SAFE
113,90,1737,194,YELLOW,EAST,40,MEDIUM
105,90,667,400,YELLOW,NORTH,40,MEDIUM
104,100,1331,397,GREEN,WEST,30,MEDIUM
88,80,492,703,YELLOW,SOUTH,80,HIGH
70,120,1865,611,RED,SOUTH,30,MEDIUM
61,100,1942,740,GREEN,WEST,0,SAFE
74,100,1937,637,RED,NORTH,30,MEDIUM
112,120,1691,282,GREEN,NORTH,0,SAFE
128,80,1750,583,GREEN,NORTH,30,MEDIUM
62,110,1018,488,RED,SOUTH,30,MEDIUM
69,80,1236,329,RED,EAST,30,MEDIUM
114,80,459,429,YELLOW,NORTH,40,MEDIUM
60,120,1407,753,GREEN,SOUTH,0,SAFE
58,90,1943,503,GREEN,SOUTH,0,SAFE
128,110,278,512,GREEN,NORTH,70,HIGH
105,110,777,710,GREEN,EAST,0,SAFE
72,100,1198,704,GREEN,WEST,0,SAFE
89,120,1366,347,YELLOW,SOUTH,10,SAFE
46,100,1565,497,GREEN,WEST,0,SAFE
56,90,581,502,YELLOW,WEST,10,SAFE
68,120,996,529,RED,WEST,30,MEDIUM
54,80,1765,684,GREEN,NORTH,0,SAFE
127,80,1709,213,RED,EAST,60,MEDIUM
72,100,1953,664,RED,NORTH,30,MEDIUM
78,100,1853,185,RED,SOUTH,30,MEDIUM
63,100,764,154,RED,NORTH,30,MEDIUM
70,80,1031,510,YELLOW,NORTH,10,SAFE
77,100,1086,464,RED,WEST,30,MEDIUM
76,120,909,702,YELLOW,WEST,10,SAFE
107,120,628,784,YELLOW,WEST,50,MEDIUM
58,120,362,237,GREEN,WEST,0,SAFE
43,110,135,118,GREEN,WEST,0,SAFE
86,80,1419,645,GREEN,WEST,30,MEDIUM
88,120,1334,264,GREEN,EAST,0,SAFE
130,80,1871,738,GREEN,SOUTH,30,MEDIUM
79,120,1591,318,GREEN,WEST,0,SAFE
82,110,1871,533,GREEN,WEST,0,SAFE
85,100,1238,683,YELLOW,WEST,10,SAFE
102,90,584,362,YELLOW,SOUTH,40,MEDIUM
119,110,1944,225,RED,NORTH,60,MEDIUM
88,90,686,377,RED,WEST,30,MEDIUM
104,110,1963,456,YELLOW,EAST,10,SAFE
82,120,1525,598,GREEN,NORTH,0,SAFE
65,100,984,545,RED,NORTH,30,MEDIUM
42,90,314,333,RED,NORTH,70,HIGH
40,120,1254,438,GREEN,SOUTH,0,SAFE
70,110,233,798,RED,NORTH,70,HIGH
42,100,951,277,RED,NORTH,30,MEDIUM
120,100,1574,797,YELLOW,WEST,40,MEDIUM
71,80,1793,727,GREEN,NORTH,0,SAFE
47,100,1965,217,RED,SOUTH,30,MEDIUM
62,90,1439,216,RED,NORTH,30,MEDIUM
112,80,1884,778,YELLOW,SOUTH,40,MEDIUM
108,100,367,157,GREEN,NORTH,30,MEDIUM
99,110,1437,100,RED,WEST,30,MEDIUM
83,120,679,408,YELLOW,WEST,10,SAFE
101,110,486,215,GREEN,NORTH,0,SAFE
55,90,1890,173,GREEN,SOUTH,0,SAFE
121,100,1364,764,RED,EAST,60,MEDIUM
100,120,1219,761,YELLOW,EAST,10,SAFE
119,80,667,153,GREEN,WEST,30,MEDIUM
80,80,1678,514,YELLOW,NORTH,10,SAFE
72,90,1325,150,RED,EAST,30,MEDIUM
51,80,476,109,RED,NORTH,30,MEDIUM
80,90,635,745,RED,NORTH,70,HIGH
68,110,986,559,RED,SOUTH,30,MEDIUM
81,100,1454,726,YELLOW,SOUTH,10,SAFE
66,100,1302,459,RED,WEST,30,MEDIUM
57,90,1407,614,YELLOW,NORTH,10,SAFE
122,100,717,527,YELLOW,EAST,40,MEDIUM
69,80,1699,689,YELLOW,SOUTH,10,SAFE
95,80,1141,795,RED,WEST,60,MEDIUM
67,90,1972,396,YELLOW,SOUTH,10,SAFE
99,100,1307,345,GREEN,WEST,0,SAFE
96,90,798,409,RED,NORTH,60,MEDIUM
94,90,347,425,YELLOW,WEST,80,HIGH
117,120,1392,167,YELLOW,SOUTH,10,SAFE
41,80,1726,703,YELLOW,WEST,10,SAFE
101,80,143,375,YELLOW,EAST,80,HIGH
90,110,357,595,GREEN,WEST,40,MEDIUM
116,110,240,652,YELLOW,EAST,80,HIGH
102,110,160,763,YELLOW,EAST,50,MEDIUM
92,120,698,645,YELLOW,EAST,10,SAFE
71,80,197,408,RED,NORTH,70,HIGH
124,100,1202,639,RED,WEST,60,MEDIUM
114,110,1472,110,YELLOW,EAST,40,MEDIUM
111,100,999,288,YELLOW,NORTH,40,MEDIUM
62,100,1128,617,YELLOW,NORTH,10,SAFE
100,110,149,411,GREEN,SOUTH,40,MEDIUM
63,120,846,429,YELLOW,SOUTH,10,SAFE
61,120,1865,680,GREEN,EAST,0,SAFE
71,120,505,660,YELLOW,WEST,50,MEDIUM
41,120,1531,779,YELLOW,EAST,10,SAFE
77,110,1667,711,YELLOW,EAST,10,SAFE
58,90,350,642,YELLOW,EAST,50,MEDIUM
98,90,1085,552,YELLOW,EAST,40,MEDIUM
118,90,483,638,RED,SOUTH,100,HIGH
96,110,1585,551,RED,SOUTH,30,MEDIUM
88,110,1670,768,YELLOW,NORTH,10,SAFE
69,100,219,529,YELLOW,NORTH,50,MEDIUM
83,100,123,724,GREEN,WEST,40,MEDIUM
65,110,1182,586,YELLOW,SOUTH,10,SAFE
110,110,1614,352,RED,EAST,30,MEDIUM
80,100,1709,725,GREEN,NORTH,0,SAFE
100,80,299,693,RED,EAST,100,HIGH
118,100,1205,596,GREEN,WEST,30,MEDIUM
98,80,1745,306,GREEN,WEST,30,MEDIUM
94,80,577,701,YELLOW,NORTH,80,HIGH
111,80,275,599,RED,EAST,100,HIGH
84,120,362,283,YELLOW,EAST,10,SAFE
109,80,488,214,YELLOW,NORTH,40,MEDIUM
58,110,871,531,YELLOW,WEST,10,SAFE
81,80,1673,227,RED,EAST,60,MEDIUM
75,100,311,523,GREEN,WEST,40,MEDIUM
124,110,787,797,YELLOW,NORTH,80,HIGH
109,110,1010,722,GREEN,WEST,0,SAFE
51,110,636,168,GREEN,SOUTH,0,SAFE
80,80,1748,106,YELLOW,EAST,10,SAFE
81,120,1786,580,YELLOW,WEST,10,SAFE
48,80,1128,240,RED,SOUTH,30,MEDIUM
46,110,1728,569,RED,NORTH,30,MEDIUM
117,90,1973,294,RED,NORTH,60,MEDIUM
66,80,360,396,RED,NORTH,70,HIGH
44,90,1380,341,YELLOW,EAST,10,SAFE
94,80,1442,348,RED,NORTH,60,MEDIUM
62,80,798,459,RED,WEST,30,MEDIUM
118,90,883,635,RED,WEST,60,MEDIUM
122,120,1480,696,YELLOW,SOUTH,40,MEDIUM
88,90,974,515,RED,SOUTH,30,MEDIUM
105,120,1574,633,YELLOW,EAST,10,SAFE
124,80,362,454,YELLOW,NORTH,80,HIGH
90,100,163,764,YELLOW,WEST,50,MEDIUM
73,100,1690,193,RED,EAST,30,MEDIUM
70,110,1579,560,RED,WEST,30,MEDIUM
49,100,1419,711,GREEN,EAST,0,SAFE
46,80,872,586,RED,NORTH,30,MEDIUM
94,100,1187,386,RED,WEST,30,MEDIUM
99,110,873,195,GREEN,NORTH,0,SAFE
59,90,898,416,RED,NORTH,30,MEDIUM
63,80,1043,791,RED,WEST,30,MEDIUM
41,110,976,358,GREEN,EAST,0,SAFE
78,80,950,495,RED,SOUTH,30,MEDIUM
64,100,1230,544,RED,NORTH,30,MEDIUM
88,120,902,132,YELLOW,SOUTH,10,SAFE
120,90,204,148,GREEN,SOUTH,30,MEDIUM
54,90,916,677,YELLOW,EAST,10,SAFE
72,80,1147,599,YELLOW,NORTH,10,SAFE
70,80,884,440,RED,EAST,30,MEDIUM
54,90,636,308,YELLOW,EAST,10,SAFE
81,120,1084,539,GREEN,WEST,0,SAFE
75,120,936,287,YELLOW,EAST,10,SAFE
53,110,1831,648,YELLOW,EAST,10,SAFE
70,110,805,628,YELLOW,EAST,10,SAFE
57,100,1324,110,RED,NORTH,30,MEDIUM
54,110,1064,383,RED,SOUTH,30,MEDIUM
114,80,220,218,RED,EAST,60,MEDIUM
69,110,449,110,RED,NORTH,30,MEDIUM
64,80,850,390,GREEN,NORTH,0,SAFE
77,80,1197,486,YELLOW,NORTH,10,SAFE
119,80,253,391,GREEN,NORTH,70,HIGH
83,90,1708,439,GREEN,WEST,0,SAFE
121,100,366,679,RED,SOUTH,100,HIGH
81,120,140,171,RED,WEST,70,HIGH
128,90,118,209,RED,NORTH,100,HIGH
45,100,856,624,GREEN,NORTH,0,SAFE
90,100,1617,450,YELLOW,EAST,10,SAFE
92,110,683,555,YELLOW,NORTH,10,SAFE
72,100,1820,279,RED,WEST,30,MEDIUM
112,120,1611,581,GREEN,EAST,0,SAFE
102,90,642,476,RED,SOUTH,60,MEDIUM
47,100,251,478,YELLOW,NORTH,50,MEDIUM
101,110,1973,625,YELLOW,NORTH,10,SAFE
69,90,1015,753,GREEN,NORTH,0,SAFE
94,120,1093,589,YELLOW,EAST,10,SAFE
99,90,388,187,RED,EAST,60,MEDIUM
79,80,1344,112,RED,NORTH,30,MEDIUM
118,110,860,791,RED,NORTH,60,MEDIUM
109,80,1599,239,RED,WEST,60,MEDIUM
67,90,874,494,YELLOW,SOUTH,10,SAFE
111,80,1361,582,RED,WEST,60,MEDIUM
58,100,1201,108,GREEN,SOUTH,0,SAFE
102,110,1264,246,GREEN,WEST,0,SAFE
52,120,483,564,GREEN,NORTH,40,MEDIUM
42,90,1724,416,RED,SOUTH,30,MEDIUM
83,90,1210,458,YELLOW,EAST,10,SAFE
115,80,1740,664,RED,EAST,60,MEDIUM
60,100,1185,418,RED,WEST,30,MEDIUM
83,90,185,569,YELLOW,NORTH,50,MEDIUM
125,90,1959,363,GREEN,NORTH,30,MEDIUM
84,100,1382,156,GREEN,EAST,0,SAFE
56,80,1106,303,GREEN,EAST,0,SAFE
60,120,1272,455,RED,SOUTH,30,MEDIUM
67,100,557,315,GREEN,NORTH,0,SAFE
45,100,467,483,RED,SOUTH,70,HIGH
86,100,607,157,YELLOW,SOUTH,10,SAFE
97,110,1277,142,RED,WEST,30,MEDIUM
85,120,1847,436,RED,SOUTH,30,MEDIUM
58,100,269,159,GREEN,SOUTH,0,SAFE
79,90,1455,687,GREEN,NORTH,0,SAFE
83,120,199,373,GREEN,EAST,40,MEDIUM
122,110,976,449,GREEN,SOUTH,30,MEDIUM
56,110,1147,312,RED,NORTH,30,MEDIUM
52,110,119,383,GREEN,NORTH,40,MEDIUM
103,80,934,750,YELLOW,NORTH,40,MEDIUM
101,90,1055,694,GREEN,WEST,30,MEDIUM
77,110,1116,765,YELLOW,NORTH,10,SAFE
49,90,1674,630,YELLOW,EAST,10,SAFE
123,120,911,669,YELLOW,WEST,40,MEDIUM
76,90,1303,274,RED,EAST,30,MEDIUM
76,120,182,411,GREEN,NORTH,40,MEDIUM
69,90,700,291,GREEN,NORTH,0,SAFE
43,100,639,211,RED,NORTH,30,MEDIUM
94,120,1281,720,YELLOW,NORTH,10,SAFE
62,120,1978,327,YELLOW,SOUTH,10,SAFE
58,100,493,459,YELLOW,NORTH,10,SAFE
84,120,1101,759,YELLOW,SOUTH,10,SAFE
87,80,295,185,RED,NORTH,60,MEDIUM
74,90,293,648,GREEN,SOUTH,40,MEDIUM
111,80,135,688,GREEN,SOUTH,70,HIGH
41,100,1054,532,GREEN,SOUTH,0,SAFE
111,120,1171,692,YELLOW,NORTH,10,SAFE
52,90,153,386,RED,EAST,70,HIGH
76,90,1874,313,YELLOW,NORTH,10,SAFE
84,110,664,103,YELLOW,EAST,10,SAFE
120,80,1936,206,GREEN,WEST,30,MEDIUM
57,80,1072,481,YELLOW,WEST,10,SAFE
75,120,1725,483,YELLOW,WEST,10,SAFE
116,80,1657,314,YELLOW,WEST,40,MEDIUM
90,120,218,579,GREEN,EAST,40,MEDIUM
129,100,361,521,GREEN,SOUTH,70,HIGH
125,80,335,625,RED,WEST,100,HIGH
129,110,1682,681,GREEN,WEST,30,MEDIUM
53,80,1717,680,RED,WEST,30,MEDIUM
86,90,1023,372,YELLOW,EAST,10,SAFE
87,100,992,408,RED,EAST,30,MEDIUM
91,120,1772,711,YELLOW,SOUTH,10,SAFE
120,90,633,649,YELLOW,EAST,80,HIGH
110,120,1402,729,GREEN,NORTH,0,SAFE
112,90,1469,402,YELLOW,NORTH,40,MEDIUM
114,100,1623,639,YELLOW,EAST,40,MEDIUM
101,90,588,615,YELLOW,EAST,80,HIGH
112,110,488,559,RED,SOUTH,100,HIGH
56,110,549,407,YELLOW,SOUTH,10,SAFE
64,110,516,309,GREEN,NORTH,0,SAFE
48,120,1895,307,YELLOW,NORTH,10,SAFE
48,120,1604,489,GREEN,WEST,0,SAFE
93,110,579,372,RED,NORTH,30,MEDIUM
111,100,713,645,RED,WEST,60,MEDIUM
101,80,847,103,GREEN,SOUTH,30,MEDIUM
52,110,1877,620,YELLOW,EAST,10,SAFE
50,100,909,180,RED,EAST,30,MEDIUM
104,100,1221,192,RED,SOUTH,60,MEDIUM
129,80,1038,227,GREEN,SOUTH,30,MEDIUM
105,110,283,634,RED,SOUTH,70,HIGH
130,110,581,274,YELLOW,EAST,40,MEDIUM
74,80,428,681,YELLOW,WEST,50,MEDIUM
66,120,271,710,GREEN,SOUTH,40,MEDIUM
94,80,694,759,RED,SOUTH,100,HIGH
47,100,740,188,YELLOW,WEST,10,SAFE
102,100,577,290,RED,SOUTH,60,MEDIUM
46,100,277,166,RED,SOUTH,30,MEDIUM
85,80,996,229,YELLOW,SOUTH,40,MEDIUM
108,80,1925,613,YELLOW,EAST,40,MEDIUM
74,100,775,644,RED,WEST,30,MEDIUM
80,100,1027,435,RED,EAST,30,MEDIUM
107,120,1889,557,YELLOW,NORTH,10,SAFE
43,110,1130,210,GREEN,SOUTH,0,SAFE
94,110,392,244,GREEN,SOUTH,0,SAFE
102,100,562,703,GREEN,EAST,70,HIGH
60,80,522,502,RED,WEST,30,MEDIUM
62,110,1447,512,RED,EAST,30,MEDIUM
85,90,1412,433,RED,EAST,30,MEDIUM
62,100,1516,661,RED,NORTH,30,MEDIUM
85,120,1600,614,GREEN,WEST,0,SAFE
117,90,1177,271,RED,NORTH,60,MEDIUM
42,90,508,197,RED,SOUTH,30,MEDIUM
81,90,775,292,RED,EAST,30,MEDIUM
84,90,526,320,GREEN,NORTH,0,SAFE
103,80,1766,510,RED,WEST,60,MEDIUM
40,80,1883,234,GREEN,SOUTH,0,SAFE
90,80,1124,154,YELLOW,WEST,40,MEDIUM
44,80,1712,423,RED,EAST,30,MEDIUM
41,80,1374,401,GREEN,SOUTH,0,SAFE
96,80,1192,741,YELLOW,EAST,40,MEDIUM
108,100,1436,622,YELLOW,EAST,40,MEDIUM
56,100,1795,165,GREEN,SOUTH,0,SAFE
122,110,1380,503,RED,NORTH,60,MEDIUM
112,110,368,435,YELLOW,SOUTH,80,HIGH
81,110,1383,209,YELLOW,EAST,10,SAFE
85,110,987,534,GREEN,SOUTH,0,SAFE
121,80,1274,427,YELLOW,WEST,40,MEDIUM
44,90,644,753,RED,NORTH,70,HIGH
114,100,1013,744,GREEN,EAST,30,MEDIUM
126,100,223,655,RED,WEST,100,HIGH
119,110,1651,340,RED,EAST,60,MEDIUM
89,120,1428,522,GREEN,SOUTH,0,SAFE
67,100,855,609,YELLOW,WEST,10,SAFE
41,110,995,350,GREEN,WEST,0,SAFE
65,110,572,768,RED,WEST,70,HIGH
72,110,1790,215,YELLOW,SOUTH,10,SAFE
40,100,1379,412,GREEN,EAST,0,SAFE
51,110,1881,564,YELLOW,WEST,10,SAFE
41,90,297,427,YELLOW,EAST,50,MEDIUM
68,120,116,322,YELLOW,NORTH,50,MEDIUM
85,100,424,288,RED,NORTH,30,MEDIUM
63,90,1950,174,GREEN,NORTH,0,SAFE
98,90,1910,216,YELLOW,WEST,40,MEDIUM
74,120,1407,390,RED,NORTH,30,MEDIUM
72,110,1781,551,GREEN,SOUTH,0,SAFE
121,90,1138,661,GREEN,WEST,30,MEDIUM
64,80,719,655,RED,WEST,30,MEDIUM
95,110,144,417,RED,EAST,70,HIGH
110,110,443,656,YELLOW,SOUTH,50,MEDIUM
62,90,449,305,RED,SOUTH,30,MEDIUM
111,120,1526,552,YELLOW,EAST,10,SAFE
93,110,562,234,YELLOW,NORTH,10,SAFE
56,110,353,570,GREEN,NORTH,40,MEDIUM
127,90,772,354,RED,EAST,60,MEDIUM
103,120,819,105,RED,SOUTH,30,MEDIUM
104,110,167,731,GREEN,NORTH,40,MEDIUM
104,80,1240,469,GREEN,NORTH,30,MEDIUM
44,120,1208,695,RED,SOUTH,30,MEDIUM
52,120,494,242,RED,WEST,30,MEDIUM
63,90,648,224,YELLOW,SOUTH,10,SAFE
121,100,1938,102,YELLOW,WEST,40,MEDIUM
77,110,817,736,YELLOW,SOUTH,10,SAFE
85,100,519,591,GREEN,WEST,40,MEDIUM
116,100,350,320,RED,EAST,60,MEDIUM
78,100,1461,114,RED,NORTH,30,MEDIUM
109,120,1082,326,GREEN,EAST,0,SAFE
120,80,298,121,RED,WEST,60,MEDIUM
88,80,327,131,GREEN,WEST,30,MEDIUM
80,120,1818,247,GREEN,WEST,0,SAFE
42,100,1460,651,YELLOW,WEST,10,SAFE
44,90,330,573,YELLOW,EAST,50,MEDIUM
78,120,1808,321,YELLOW,EAST,10,SAFE
130,80,1287,642,GREEN,EAST,30,MEDIUM
61,120,688,682,YELLOW,EAST,10,SAFE
74,80,366,645,RED,WEST,70,HIGH
65,110,192,286,RED,NORTH,70,HIGH
50,110,947,613,RED,WEST,30,MEDIUM
104,80,1847,658,RED,NORTH,60,MEDIUM
49,110,1118,715,GREEN,NORTH,0,SAFE
95,100,895,612,RED,WEST,30,MEDIUM
117,90,267,142,RED,WEST,60,MEDIUM
83,110,1362,679,YELLOW,WEST,10,SAFE
46,80,1651,611,YELLOW,NORTH,10,SAFE
41,90,450,636,RED,SOUTH,70,HIGH
55,120,262,745,GREEN,WEST,40,MEDIUM
78,80,509,414,YELLOW,EAST,10,SAFE
44,90,1180,770,GREEN,SOUTH,0,SAFE
77,110,1410,201,RED,WEST,30,MEDIUM
52,90,650,556,RED,SOUTH,30,MEDIUM
113,120,235,616,GREEN,NORTH,40,MEDIUM
119,90,1734,134,YELLOW,NORTH,40,MEDIUM
52,120,763,633,RED,WEST,30,MEDIUM
95,80,1160,656,GREEN,NORTH,30,MEDIUM
101,110,1024,182,YELLOW,SOUTH,10,SAFE
113,100,560,539,GREEN,WEST,30,MEDIUM
125,110,1724,787,YELLOW,SOUTH,40,MEDIUM
120,100,450,185,RED,NORTH,60,MEDIUM
80,110,1845,500,GREEN,SOUTH,0,SAFE
68,120,1289,522,YELLOW,NORTH,10,SAFE
115,100,1092,392,RED,SOUTH,60,MEDIUM
87,80,1988,709,YELLOW,EAST,40,MEDIUM
123,80,413,546,YELLOW,WEST,80,HIGH
57,110,997,357,RED,NORTH,30,MEDIUM
70,90,1037,596,YELLOW,SOUTH,10,SAFE
69,110,992,416,GREEN,SOUTH,0,SAFE
93,100,545,502,RED,NORTH,30,MEDIUM
74,80,1575,767,GREEN,WEST,0,SAFE
45,110,171,756,YELLOW,EAST,50,MEDIUM
118,80,878,523,GREEN,WEST,30,MEDIUM
129,100,567,768,RED,SOUTH,100,HIGH
54,100,515,710,RED,WEST,70,HIGH
109,80,940,141,RED,NORTH,60,MEDIUM
48,80,365,588,RED,SOUTH,70,HIGH
103,90,1874,255,YELLOW,SOUTH,40,MEDIUM
49,120,985,386,YELLOW,NORTH,10,SAFE
127,110,108,376,YELLOW,SOUTH,80,HIGH
90,80,1177,456,RED,SOUTH,60,MEDIUM
120,90,1123,196,GREEN,WEST,30,MEDIUM
121,80,1973,125,GREEN,WEST,30,MEDIUM
66,120,379,683,YELLOW,EAST,50,MEDIUM
49,120,1618,181,GREEN,SOUTH,0,SAFE
64,110,1683,682,RED,EAST,30,MEDIUM
43,110,439,343,GREEN,EAST,0,SAFE
119,100,1435,108,GREEN,SOUTH,30,MEDIUM
44,100,546,167,GREEN,SOUTH,0,SAFE
50,90,1769,631,GREEN,WEST,0,SAFE
97,80,1298,764,YELLOW,EAST,40,MEDIUM
49,120,1427,392,GREEN,SOUTH,0,SAFE
128,120,322,172,GREEN,SOUTH,30,MEDIUM
130,100,884,713,YELLOW,EAST,40,MEDIUM
45,110,1013,532,RED,NORTH,30,MEDIUM
96,110,916,727,GREEN,SOUTH,0,SAFE
58,110,1012,593,GREEN,SOUTH,0,SAFE
77,120,735,146,YELLOW,SOUTH,10,SAFE
129,80,205,154,YELLOW,SOUTH,40,MEDIUM
62,80,482,423,YELLOW,SOUTH,10,SAFE
102,80,953,636,RED,NORTH,60,MEDIUM
97,80,826,645,RED,SOUTH,60,MEDIUM
109,110,1551,777,RED,NORTH,30,MEDIUM
129,100,1169,390,YELLOW,NORTH,40,MEDIUM
124,120,917,416,RED,WEST,60,MEDIUM
117,100,1912,597,RED,SOUTH,60,MEDIUM
40,120,585,670,GREEN,SOUTH,40,MEDIUM
68,80,1953,753,RED,NORTH,30,MEDIUM
63,100,728,437,RED,SOUTH,30,MEDIUM
80,120,561,742,RED,EAST,70,HIGH
81,80,359,215,YELLOW,EAST,40,MEDIUM
101,90,1249,146,GREEN,SOUTH,30,MEDIUM
87,100,1540,733,GREEN,NORTH,0,SAFE
85,120,1881,178,GREEN,EAST,0,SAFE
59,100,163,627,GREEN,NORTH,40,MEDIUM
95,120,1326,739,GREEN,NORTH,0,SAFE
97,110,133,316,RED,NORTH,70,HIGH
130,80,1166,783,GREEN,WEST,30,MEDIUM
46,90,1591,738,GREEN,NORTH,0,SAFE
108,100,1589,720,RED,EAST,60,MEDIUM
40,110,491,218,RED,SOUTH,30,MEDIUM
87,80,892,421,GREEN,SOUTH,30,MEDIUM
92,110,501,193,RED,SOUTH,30,MEDIUM
112,80,1766,350,RED,SOUTH,60,MEDIUM
77,90,1562,570,YELLOW,EAST,10,SAFE
87,90,1771,768,RED,NORTH,30,MEDIUM
81,110,1260,688,GREEN,SOUTH,0,SAFE
115,90,1496,447,RED,NORTH,60,MEDIUM
68,100,999,735,RED,SOUTH,30,MEDIUM
76,110,453,224,GREEN,NORTH,0,SAFE
126,120,1250,618,GREEN,EAST,30,MEDIUM
97,100,1467,122,GREEN,SOUTH,0,SAFE
96,120,475,702,GREEN,EAST,40,MEDIUM
53,80,1722,374,GREEN,NORTH,0,SAFE
100,120,1573,119,YELLOW,NORTH,10,SAFE
86,90,1315,511,RED,SOUTH,30,MEDIUM
45,80,1338,604,RED,WEST,30,MEDIUM
64,110,1990,253,YELLOW,EAST,10,SAFE
56,110,376,575,GREEN,NORTH,40,MEDIUM
128,80,154,640,YELLOW,NORTH,80,HIGH
120,110,102,623,GREEN,SOUTH,70,HIGH
130,110,348,162,YELLOW,WEST,40,MEDIUM
101,80,1739,457,GREEN,EAST,30,MEDIUM
125,120,1967,530,YELLOW,NORTH,40,MEDIUM
124,110,1617,571,YELLOW,WEST,40,MEDIUM
126,80,1667,417,RED,WEST,60,MEDIUM
87,100,123,728,RED,SOUTH,70,HIGH
59,90,1713,198,YELLOW,EAST,10,SAFE
91,80,934,223,YELLOW,SOUTH,40,MEDIUM
126,80,1737,329,GREEN,EAST,30,MEDIUM
64,100,1632,200,YELLOW,SOUTH,10,SAFE
84,100,1065,498,GREEN,EAST,0,SAFE
49,80,1534,295,RED,WEST,30,MEDIUM
130,120,1620,207,RED,SOUTH,60,MEDIUM
128,100,593,265,RED,EAST,60,MEDIUM
114,80,1217,796,RED,WEST,60,MEDIUM
90,110,1215,130,GREEN,NORTH,0,SAFE
97,100,1209,757,RED,SOUTH,30,MEDIUM
66,100,114,165,RED,SOUTH,70,HIGH
90,100,1047,666,YELLOW,WEST,10,SAFE
72,100,1261,395,GREEN,EAST,0,SAFE
78,90,810,323,GREEN,NORTH,0,SAFE
42,120,167,641,RED,EAST,70,HIGH
119,100,1086,490,GREEN,NORTH,30,MEDIUM
62,90,1857,426,YELLOW,EAST,10,SAFE
83,90,1923,759,YELLOW,EAST,10,SAFE
104,100,1998,394,RED,EAST,60,MEDIUM
110,90,696,671,YELLOW,SOUTH,40,MEDIUM
114,110,856,458,GREEN,SOUTH,30,MEDIUM
77,100,1961,697,YELLOW,WEST,10,SAFE
95,100,334,127,YELLOW,NORTH,10,SAFE
100,80,503,252,GREEN,EAST,30,MEDIUM
66,100,720,668,YELLOW,NORTH,10,SAFE
88,120,1497,664,YELLOW,WEST,10,SAFE
111,120,293,300,GREEN,SOUTH,40,MEDIUM
56,80,427,327,YELLOW,NORTH,10,SAFE
118,80,1301,701,YELLOW,EAST,40,MEDIUM
51,90,1155,358,YELLOW,EAST,10,SAFE
52,100,911,250,GREEN,SOUTH,0,SAFE
88,80,1387,157,RED,SOUTH,60,MEDIUM
77,120,1393,534,YELLOW,EAST,10,SAFE
53,110,998,536,YELLOW,EAST,10,SAFE
51,100,1788,582,RED,SOUTH,30,MEDIUM
85,110,1155,711,GREEN,SOUTH,0,SAFE
64,90,895,148,GREEN,NORTH,0,SAFE
107,90,546,342,GREEN,SOUTH,30,MEDIUM
80,100,153,525,GREEN,SOUTH,40,MEDIUM
62,80,453,175,GREEN,NORTH,0,SAFE
56,120,1005,310,RED,NORTH,30,MEDIUM
117,120,1046,440,YELLOW,WEST,10,SAFE
42,110,1187,589,YELLOW,NORTH,10,SAFE
115,100,146,275,YELLOW,SOUTH,80,HIGH
59,80,145,636,RED,WEST,70,HIGH
79,110,1306,158,RED,NORTH,30,MEDIUM
43,90,467,393,RED,EAST,30,MEDIUM
62,110,983,506,YELLOW,EAST,10,SAFE
109,80,246,713,GREEN,NORTH,70,HIGH
96,100,1680,186,YELLOW,NORTH,10,SAFE
56,120,959,590,YELLOW,NORTH,10,SAFE
117,80,1848,493,RED,SOUTH,60,MEDIUM
129,80,495,260,YELLOW,EAST,40,MEDIUM
124,90,166,440,YELLOW,EAST,80,HIGH
104,90,1050,666,YELLOW,EAST,40,MEDIUM
67,110,589,103,RED,WEST,30,MEDIUM
127,80,204,465,YELLOW,WEST,80,HIGH
85,120,1408,742,RED,EAST,30,MEDIUM
90,100,259,197,RED,EAST,30,MEDIUM
45,120,522,245,GREEN,NORTH,0,SAFE
84,80,846,559,RED,NORTH,60,MEDIUM
97,110,1004,584,RED,NORTH,30,MEDIUM
104,80,1678,399,GREEN,NORTH,30,MEDIUM
48,90,1563,355,RED,WEST,30,MEDIUM
64,90,729,185,YELLOW,EAST,10,SAFE
107,80,1180,157,YELLOW,WEST,40,MEDIUM
110,80,175,373,GREEN,EAST,70,HIGH
53,80,1403,799,RED,NORTH,30,MEDIUM
66,90,610,399,GREEN,NORTH,0,SAFE
103,110,812,747,YELLOW,EAST,10,SAFE
109,110,1831,550,YELLOW,NORTH,10,SAFE
62,110,1513,596,RED,EAST,30,MEDIUM
129,100,1972,171,RED,NORTH,60,MEDIUM
77,80,1191,763,GREEN,SOUTH,0,SAFE
95,90,526,280,RED,SOUTH,60,MEDIUM
114,90,532,160,GREEN,NORTH,30,MEDIUM
97,90,1838,669,GREEN,WEST,30,MEDIUM
125,100,533,295,GREEN,EAST,30,MEDIUM
40,80,404,548,GREEN,EAST,40,MEDIUM
117,90,1171,312,YELLOW,EAST,40,MEDIUM
118,110,826,756,YELLOW,WEST,40,MEDIUM
58,110,1843,132,GREEN,SOUTH,0,SAFE
58,80,801,168,GREEN,WEST,0,SAFE
122,120,1242,639,GREEN,NORTH,30,MEDIUM
113,80,1482,664,RED,EAST,60,MEDIUM
62,80,1948,660,GREEN,SOUTH,0,SAFE
49,120,1081,558,RED,SOUTH,30,MEDIUM
108,100,1053,555,YELLOW,NORTH,40,MEDIUM
48,120,1004,796,GREEN,SOUTH,0,SAFE
100,100,909,577,GREEN,EAST,0,SAFE
107,100,781,451,RED,WEST,60,MEDIUM
99,110,544,554,GREEN,WEST,40,MEDIUM
45,100,1693,395,GREEN,WEST,0,SAFE
84,120,1509,561,RED,WEST,30,MEDIUM
92,80,1751,504,YELLOW,WEST,40,MEDIUM
97,110,1725,401,GREEN,EAST,0,SAFE
88,120,194,471,GREEN,NORTH,40,MEDIUM
99,80,1913,566,GREEN,SOUTH,30,MEDIUM
89,80,815,247,GREEN,NORTH,30,MEDIUM
41,100,152,115,GREEN,SOUTH,0,SAFE
65,90,559,304,YELLOW,SOUTH,10,SAFE
55,110,784,228,RED,EAST,30,MEDIUM
105,90,1053,302,RED,WEST,60,MEDIUM
72,90,351,161,RED,SOUTH,30,MEDIUM
42,120,100,351,YELLOW,WEST,50,MEDIUM
90,80,987,573,GREEN,EAST,30,MEDIUM
101,100,185,556,RED,EAST,100,HIGH
40,90,1132,194,GREEN,EAST,0,SAFE
101,90,581,791,YELLOW,WEST,80,HIGH
41,90,1273,337,RED,WEST,30,MEDIUM
62,120,1163,180,RED,EAST,30,MEDIUM
114,90,1119,539,YELLOW,SOUTH,40,MEDIUM
106,80,1350,285,RED,EAST,60,MEDIUM
81,110,1782,486,RED,EAST,30,MEDIUM
61,110,1474,105,YELLOW,WEST,10,SAFE
48,80,1799,776,GREEN,NORTH,0,SAFE
126,100,750,571,GREEN,EAST,30,MEDIUM
99,110,249,582,GREEN,WEST,40,MEDIUM
82,120,1877,773,RED,SOUTH,30,MEDIUM
76,80,1341,206,GREEN,WEST,0,SAFE
74,90,673,514,GREEN,SOUTH,0,SAFE
65,100,380,526,YELLOW,NORTH,50,MEDIUM
69,100,255,611,RED,SOUTH,70,HIGH
73,80,846,718,YELLOW,SOUTH,10,SAFE
102,120,260,199,GREEN,WEST,0,SAFE
94,100,339,245,GREEN,WEST,0,SAFE
121,120,1036,429,GREEN,EAST,30,MEDIUM
123,120,207,257,YELLOW,SOUTH,80,HIGH
83,90,1937,218,YELLOW,SOUTH,10,SAFE
66,110,518,224,GREEN,EAST,0,SAFE
63,80,1954,726,YELLOW,SOUTH,10,SAFE
50,80,1610,579,RED,EAST,30,MEDIUM
68,100,1832,532,RED,NORTH,30,MEDIUM
40,90,747,799,GREEN,SOUTH,40,MEDIUM
80,110,1964,372,YELLOW,SOUTH,10,SAFE
107,120,698,483,YELLOW,NORTH,10,SAFE
65,90,504,290,GREEN,WEST,0,SAFE
62,90,1958,686,GREEN,NORTH,0,SAFE
99,80,1998,104,GREEN,WEST,30,MEDIUM
84,110,260,208,YELLOW,SOUTH,10,SAFE
109,80,1767,192,GREEN,NORTH,30,MEDIUM
72,90,173,113,YELLOW,EAST,10,SAFE
87,120,860,376,GREEN,SOUTH,0,SAFE
61,110,1530,592,RED,SOUTH,30,MEDIUM
126,90,1873,657,RED,SOUTH,60,MEDIUM
83,80,402,622,YELLOW,WEST,80,HIGH
119,90,1452,392,RED,NORTH,60,MEDIUM
115,80,285,164,YELLOW,WEST,40,MEDIUM
107,100,703,664,GREEN,EAST,30,MEDIUM
82,120,827,221,GREEN,SOUTH,0,SAFE
52,80,721,439,GREEN,SOUTH,0,SAFE
89,90,1175,263,RED,EAST,30,MEDIUM
88,90,1971,652,YELLOW,EAST,10,SAFE
87,100,276,443,RED,WEST,70,HIGH
60,100,1896,202,RED,EAST,30,MEDIUM
98,120,265,446,GREEN,EAST,40,MEDIUM
87,100,126,183,RED,EAST,70,HIGH
105,80,146,442,YELLOW,NORTH,80,HIGH
70,110,487,360,RED,NORTH,30,MEDIUM
130,90,1838,554,YELLOW,EAST,40,MEDIUM
92,110,824,744,RED,WEST,30,MEDIUM
59,120,1357,118,RED,NORTH,30,MEDIUM
61,90,1474,251,YELLOW,SOUTH,10,SAFE
55,90,320,364,RED,NORTH,70,HIGH
66,110,571,198,YELLOW,SOUTH,10,SAFE
114,90,1947,217,GREEN,NORTH,30,MEDIUM
45,110,1825,446,GREEN,SOUTH,0,SAFE
126,80,1554,457,RED,WEST,60,MEDIUM
55,120,299,339,RED,WEST,70,HIGH
67,110,1607,401,YELLOW,NORTH,10,SAFE
51,110,1594,458,RED,WEST,30,MEDIUM
63,110,167,350,RED,SOUTH,70,HIGH
117,80,1221,530,GREEN,SOUTH,30,MEDIUM
106,110,492,360,YELLOW,NORTH,10,SAFE
77,80,1556,785,RED,SOUTH,30,MEDIUM
55,100,1858,440,RED,WEST,30,MEDIUM
84,90,1964,185,GREEN,EAST,0,SAFE
92,80,1438,210,GREEN,EAST,30,MEDIUM
73,90,1392,615,RED,NORTH,30,MEDIUM
62,120,425,672,GREEN,WEST,40,MEDIUM
80,110,1799,740,RED,EAST,30,MEDIUM
49,90,1329,382,GREEN,SOUTH,0,SAFE
75,120,973,464,GREEN,SOUTH,0,SAFE
54,100,1263,771,GREEN,WEST,0,SAFE
74,110,1087,498,YELLOW,NORTH,10,SAFE
42,90,1109,593,YELLOW,NORTH,10,SAFE
118,90,627,697,RED,NORTH,100,HIGH
61,100,404,530,GREEN,WEST,40,MEDIUM
110,100,442,461,RED,NORTH,100,HIGH
127,90,1022,609,RED,EAST,60,MEDIUM
63,90,688,548,GREEN,NORTH,0,SAFE
108,120,498,292,GREEN,EAST,0,SAFE
130,100,526,527,RED,NORTH,100,HIGH
80,100,1975,195,GREEN,SOUTH,0,SAFE
57,90,411,263,GREEN,SOUTH,0,SAFE
71,120,1545,694,GREEN,SOUTH,0,SAFE
77,120,1310,745,GREEN,WEST,0,SAFE
128,80,952,231,RED,NORTH,60,MEDIUM
95,100,1354,745,YELLOW,EAST,10,SAFE
41,80,976,155,YELLOW,SOUTH,10,SAFE
44,90,1519,249,YELLOW,EAST,10,SAFE
53,120,1807,312,RED,SOUTH,30,MEDIUM
40,100,569,118,RED,WEST,30,MEDIUM
86,110,259,595,GREEN,WEST,40,MEDIUM
54,120,108,330,GREEN,SOUTH,40,MEDIUM
76,120,283,152,YELLOW,NORTH,10,SAFE
90,100,290,262,YELLOW,WEST,10,SAFE
65,80,1512,657,YELLOW,WEST,10,SAFE
70,100,983,366,GREEN,EAST,0,SAFE
104,120,284,224,GREEN,WEST,0,SAFE
93,80,1299,786,GREEN,NORTH,30,MEDIUM
104,100,517,557,GREEN,EAST,70,HIGH
50,100,1839,581,YELLOW,EAST,10,SAFE
45,100,1588,271,YELLOW,EAST,10,SAFE
120,110,1604,762,YELLOW,SOUTH,40,MEDIUM
68,120,1702,139,YELLOW,SOUTH,10,SAFE
65,120,1470,360,GREEN,SOUTH,0,SAFE
76,110,1157,675,RED,SOUTH,30,MEDIUM
40,120,1440,387,YELLOW,SOUTH,10,SAFE
68,90,742,573,YELLOW,SOUTH,10,SAFE
108,90,577,166,GREEN,NORTH,30,MEDIUM
46,90,1986,654,GREEN,NORTH,0,SAFE
125,80,425,154,YELLOW,WEST,40,MEDIUM
50,80,1853,500,RED,EAST,30,MEDIUM
128,120,1327,242,GREEN,EAST,30,MEDIUM
96,90,926,505,GREEN,NORTH,30,MEDIUM
48,100,679,208,RED,SOUTH,30,MEDIUM
40,110,318,689,YELLOW,NORTH,50,MEDIUM
90,90,729,765,GREEN,WEST,40,MEDIUM
122,90,1414,358,YELLOW,WEST,40,MEDIUM
48,110,1944,501,GREEN,SOUTH,0,SAFE
123,120,842,526,RED,SOUTH,60,MEDIUM
104,90,588,395,RED,EAST,60,MEDIUM
79,120,1440,103,YELLOW,EAST,10,SAFE
121,80,1866,602,GREEN,WEST,30,MEDIUM
79,120,186,322,GREEN,NORTH,40,MEDIUM
111,120,1469,526,GREEN,EAST,0,SAFE
60,90,962,258,RED,SOUTH,30,MEDIUM
99,100,1709,440,YELLOW,WEST,10,SAFE
54,120,1966,637,RED,NORTH,30,MEDIUM
53,110,1813,433,GREEN,WEST,0,SAFE
93,80,562,733,YELLOW,SOUTH,80,HIGH
123,120,193,125,RED,SOUTH,60,MEDIUM
53,90,1965,365,YELLOW,NORTH,10,SAFE
58,80,171,789,GREEN,EAST,40,MEDIUM
86,100,294,112,GREEN,WEST,0,SAFE
104,90,557,490,RED,SOUTH,60,MEDIUM
94,120,422,550,RED,WEST,70,HIGH
56,110,237,368,GREEN,SOUTH,40,MEDIUM
116,100,1741,185,YELLOW,NORTH,40,MEDIUM
41,90,624,154,RED,WEST,30,MEDIUM
115,120,327,571,YELLOW,SOUTH,50,MEDIUM
90,100,1961,727,YELLOW,SOUTH,10,SAFE
58,110,509,528,GREEN,EAST,40,MEDIUM
108,80,1365,766,GREEN,SOUTH,30,MEDIUM
96,110,1680,641,YELLOW,SOUTH,10,SAFE
112,120,1145,347,RED,WEST,30,MEDIUM
57,100,514,205,YELLOW,EAST,10,SAFE
50,110,945,722,RED,WEST,30,MEDIUM
56,80,739,486,GREEN,SOUTH,0,SAFE
78,120,1443,551,YELLOW,WEST,10,SAFE
64,90,719,176,RED,WEST,30,MEDIUM
61,90,1373,477,GREEN,WEST,0,SAFE
114,110,828,100,GREEN,NORTH,30,MEDIUM
108,100,1806,675,YELLOW,WEST,40,MEDIUM
40,80,1858,674,YELLOW,WEST,10,SAFE
61,90,386,366,RED,SOUTH,30,MEDIUM
56,110,1632,495,YELLOW,WEST,10,SAFE
102,120,1527,465,YELLOW,NORTH,10,SAFE
113,100,899,471,YELLOW,WEST,40,MEDIUM
59,120,1944,346,YELLOW,SOUTH,10,SAFE
108,100,362,309,RED,WEST,60,MEDIUM
121,100,1898,730,RED,EAST,60,MEDIUM
117,100,994,627,GREEN,NORTH,30,MEDIUM
88,80,494,287,RED,WEST,60,MEDIUM
77,120,1002,722,RED,EAST,30,MEDIUM
107,80,1281,443,GREEN,NORTH,30,MEDIUM
61,110,516,354,RED,SOUTH,30,MEDIUM
52,90,1193,145,YELLOW,WEST,10,SAFE
109,90,1330,654,RED,WEST,60,MEDIUM
67,80,875,534,GREEN,EAST,0,SAFE
83,90,532,250,YELLOW,EAST,10,SAFE
41,110,869,159,RED,NORTH,30,MEDIUM
126,120,546,503,RED,SOUTH,60,MEDIUM
55,120,1133,103,YELLOW,EAST,10,SAFE
67,110,617,334,YELLOW,NORTH,10,SAFE
125,80,630,488,RED,WEST,60,MEDIUM
125,90,638,299,RED,SOUTH,60,MEDIUM
95,90,1951,308,YELLOW,WEST,40,MEDIUM
75,90,566,549,GREEN,EAST,0,SAFE
115,120,235,242,YELLOW,SOUTH,50,MEDIUM
109,120,1314,124,GREEN,SOUTH,0,SAFE
102,100,268,200,GREEN,NORTH,30,MEDIUM
128,80,1043,238,GREEN,SOUTH,30,MEDIUM
49,120,1352,678,GREEN,NORTH,0,SAFE
87,110,1224,154,GREEN,SOUTH,0,SAFE
82,100,1918,471,YELLOW,WEST,10,SAFE
59,80,253,151,GREEN,EAST,0,SAFE
61,90,298,160,YELLOW,EAST,10,SAFE
124,90,1011,547,YELLOW,EAST,40,MEDIUM
128,90,1518,349,GREEN,SOUTH,30,MEDIUM
106,110,1834,272,GREEN,SOUTH,0,SAFE
114,110,556,568,GREEN,WEST,70,HIGH
93,120,1992,378,GREEN,NORTH,0,SAFE
71,100,560,742,GREEN,NORTH,40,MEDIUM
119,100,298,476,RED,WEST,100,HIGH
44,80,1822,228,GREEN,NORTH,0,SAFE
43,100,1123,204,RED,WEST,30,MEDIUM
100,100,721,473,YELLOW,SOUTH,10,SAFE
61,80,295,584,YELLOW,NORTH,50,MEDIUM
130,90,1376,650,YELLOW,SOUTH,40,MEDIUM
114,90,936,198,RED,NORTH,60,MEDIUM
121,80,1598,225,RED,EAST,60,MEDIUM
47,110,1379,217,RED,EAST,30,MEDIUM
52,90,1613,736,GREEN,EAST,0,SAFE
105,100,477,518,YELLOW,WEST,80,HIGH
40,90,626,647,RED,NORTH,70,HIGH
44,90,1073,767,YELLOW,EAST,10,SAFE
127,120,1931,649,RED,WEST,60,MEDIUM
50,120,1707,752,GREEN,SOUTH,0,SAFE
48,120,1032,582,YELLOW,EAST,10,SAFE
110,100,1267,139,RED,NORTH,60,MEDIUM
116,110,599,478,GREEN,WEST,30,MEDIUM
62,90,653,737,RED,EAST,70,HIGH
66,120,781,199,YELLOW,NORTH,10,SAFE
68,120,1345,180,GREEN,SOUTH,0,SAFE
123,120,419,352,RED,EAST,60,MEDIUM
85,110,647,113,RED,SOUTH,30,MEDIUM
80,110,1703,787,GREEN,EAST,0,SAFE
117,100,1604,621,YELLOW,EAST,40,MEDIUM
41,80,1367,253,GREEN,EAST,0,SAFE
95,90,1703,788,GREEN,NORTH,30,MEDIUM
74,80,1403,124,GREEN,NORTH,0,SAFE
107,110,282,488,RED,SOUTH,70,HIGH
100,90,859,702,RED,WEST,60,MEDIUM
128,110,1202,418,YELLOW,WEST,40,MEDIUM
63,100,1485,725,RED,WEST,30,MEDIUM
113,90,312,583,GREEN,EAST,70,HIGH
53,80,265,702,RED,WEST,70,HIGH
119,90,427,627,GREEN,SOUTH,70,HIGH
75,90,607,682,RED,SOUTH,70,HIGH
130,90,1189,557,RED,SOUTH,60,MEDIUM
97,120,1376,643,RED,WEST,30,MEDIUM
117,100,208,171,GREEN,NORTH,30,MEDIUM
114,120,1751,236,YELLOW,NORTH,10,SAFE
53,120,1025,332,GREEN,SOUTH,0,SAFE
94,90,901,395,YELLOW,WEST,40,MEDIUM
118,110,383,687,YELLOW,EAST,80,HIGH
63,110,218,689,RED,SOUTH,70,HIGH
44,80,1343,136,YELLOW,WEST,10,SAFE
106,120,1663,240,RED,SOUTH,30,MEDIUM
77,100,1738,305,RED,NORTH,30,MEDIUM
127,100,722,782,GREEN,EAST,70,HIGH
83,110,1830,634,GREEN,NORTH,0,SAFE
76,110,592,341,YELLOW,EAST,10,SAFE
68,80,1647,628,YELLOW,WEST,10,SAFE
72,110,1722,757,YELLOW,SOUTH,10,SAFE
62,110,1112,454,GREEN,SOUTH,0,SAFE
57,90,1181,308,YELLOW,WEST,10,SAFE
41,110,631,658,YELLOW,SOUTH,50,MEDIUM
89,80,1319,262,GREEN,WEST,30,MEDIUM
59,120,687,468,RED,WEST,30,MEDIUM
123,100,711,681,GREEN,SOUTH,30,MEDIUM
92,80,1414,100,GREEN,NORTH,30,MEDIUM
118,90,1257,702,GREEN,WEST,30,MEDIUM
109,90,215,493,GREEN,WEST,70,HIGH
55,80,1369,553,RED,EAST,30,MEDIUM
67,80,1650,248,YELLOW,SOUTH,10,SAFE
75,120,1635,576,YELLOW,EAST,10,SAFE
117,90,1243,728,GREEN,WEST,30,MEDIUM
117,80,918,144,YELLOW,NORTH,40,MEDIUM
55,120,1910,552,YELLOW,WEST,10,SAFE
71,110,138,451,RED,WEST,70,HIGH
50,80,1953,644,YELLOW,EAST,10,SAFE
97,90,1506,138,RED,SOUTH,60,MEDIUM
91,80,1292,759,RED,EAST,60,MEDIUM
98,90,571,263,GREEN,EAST,30,MEDIUM
87,120,541,150,YELLOW,WEST,10,SAFE
60,110,877,705,GREEN,SOUTH,0,SAFE
44,110,914,712,RED,WEST,30,MEDIUM
56,110,1901,617,RED,SOUTH,30,MEDIUM
74,120,622,402,YELLOW,SOUTH,10,SAFE
124,80,1924,371,RED,EAST,60,MEDIUM
109,110,1029,682,RED,EAST,30,MEDIUM
107,100,830,170,YELLOW,EAST,40,MEDIUM
99,120,1012,295,GREEN,NORTH,0,SAFE
106,100,1714,144,GREEN,NORTH,30,MEDIUM
122,120,1127,626,GREEN,SOUTH,30,MEDIUM
75,120,1367,556,GREEN,WEST,0,SAFE
93,110,576,678,YELLOW,SOUTH,50,MEDIUM
99,100,1699,363,GREEN,EAST,0,SAFE
62,100,742,547,RED,NORTH,30,MEDIUM
78,90,1096,325,GREEN,WEST,0,SAFE
101,110,1675,668,GREEN,SOUTH,0,SAFE
66,120,1168,609,GREEN,NORTH,0,SAFE
63,120,1574,623,YELLOW,WEST,10,SAFE
130,100,1365,783,GREEN,EAST,30,MEDIUM
51,120,1041,424,YELLOW,NORTH,10,SAFE
128,80,1799,688,YELLOW,WEST,40,MEDIUM
107,120,1212,776,YELLOW,WEST,10,SAFE
47,120,925,541,RED,EAST,30,MEDIUM
86,110,1725,682,RED,NORTH,30,MEDIUM
41,120,586,613,YELLOW,WEST,50,MEDIUM
81,100,1584,396,GREEN,NORTH,0,SAFE
48,80,1826,133,GREEN,WEST,0,SAFE
113,90,1528,583,RED,SOUTH,60,MEDIUM
80,80,941,734,YELLOW,SOUTH,10,SAFE
76,90,111,550,YELLOW,WEST,50,MEDIUM
113,110,127,206,GREEN,EAST,70,HIGH
59,110,893,747,YELLOW,EAST,10,SAFE
94,120,1481,511,YELLOW,EAST,10,SAFE
94,80,1405,559,YELLOW,WEST,40,MEDIUM
126,100,1133,214,RED,EAST,60,MEDIUM
98,90,764,672,GREEN,SOUTH,30,MEDIUM
129,90,1627,542,RED,EAST,60,MEDIUM
123,80,1311,695,GREEN,WEST,30,MEDIUM
69,80,823,387,RED,EAST,30,MEDIUM
127,80,1784,535,RED,NORTH,60,MEDIUM
92,80,696,755,GREEN,WEST,70,HIGH
93,110,260,516,GREEN,NORTH,40,MEDIUM
61,100,1231,511,YELLOW,NORTH,10,SAFE
77,110,1042,107,RED,SOUTH,30,MEDIUM
70,110,759,607,YELLOW,SOUTH,10,SAFE
78,90,1088,338,GREEN,SOUTH,0,SAFE
130,90,512,353,RED,NORTH,60,MEDIUM
61,100,980,324,YELLOW,WEST,10,SAFE
108,120,1554,654,YELLOW,EAST,10,SAFE
122,120,673,411,GREEN,WEST,30,MEDIUM
130,100,1353,490,YELLOW,EAST,40,MEDIUM
64,80,1365,746,GREEN,EAST,0,SAFE
49,120,1898,549,YELLOW,WEST,10,SAFE
46,90,676,288,RED,SOUTH,30,MEDIUM
45,120,1841,687,GREEN,NORTH,0,SAFE
76,100,1410,224,RED,NORTH,30,MEDIUM
111,120,1513,306,GREEN,WEST,0,SAFE
66,120,820,584,RED,SOUTH,30,MEDIUM
68,100,518,291,GREEN,EAST,0,SAFE
54,110,1936,508,GREEN,NORTH,0,SAFE
49,120,1036,794,RED,WEST,30,MEDIUM
108,90,597,231,YELLOW,EAST,40,MEDIUM
61,120,368,502,GREEN,NORTH,40,MEDIUM
63,110,450,142,GREEN,EAST,0,SAFE
66,100,1638,586,GREEN,SOUTH,0,SAFE
122,80,366,676,YELLOW,EAST,80,HIGH
71,110,254,426,GREEN,SOUTH,40,MEDIUM
44,100,411,415,RED,WEST,70,HIGH
54,90,371,207,GREEN,NORTH,0,SAFE
88,100,1351,164,YELLOW,WEST,10,SAFE
110,90,1940,283,YELLOW,WEST,40,MEDIUM
116,120,418,513,GREEN,NORTH,40,MEDIUM
96,100,1082,634,GREEN,NORTH,0,SAFE
67,80,254,283,YELLOW,WEST,50,MEDIUM
91,110,1314,332,GREEN,EAST,0,SAFE
126,120,802,486,YELLOW,EAST,40,MEDIUM
91,120,1702,322,GREEN,NORTH,0,SAFE
115,80,302,619,YELLOW,NORTH,80,HIGH
118,80,1129,287,GREEN,EAST,30,MEDIUM
104,80,362,239,YELLOW,WEST,40,MEDIUM
106,100,1847,453,RED,EAST,60,MEDIUM
121,110,1077,650,GREEN,SOUTH,30,MEDIUM
122,90,537,268,YELLOW,NORTH,40,MEDIUM
96,100,256,431,YELLOW,SOUTH,50,MEDIUM
117,110,1381,467,YELLOW,SOUTH,40,MEDIUM
120,80,1187,528,RED,SOUTH,60,MEDIUM
103,110,1013,556,GREEN,EAST,0,SAFE
51,110,203,511,YELLOW,WEST,50,MEDIUM
94,110,698,572,GREEN,NORTH,0,SAFE
105,90,1900,223,RED,EAST,60,MEDIUM
115,80,561,266,YELLOW,NORTH,40,MEDIUM
101,110,518,539,RED,EAST,70,HIGH
98,80,1969,692,YELLOW,EAST,40,MEDIUM
75,120,150,456,RED,SOUTH,70,HIGH
115,80,1579,204,GREEN,WEST,30,MEDIUM
57,110,138,289,GREEN,SOUTH,40,MEDIUM
106,90,1839,101,GREEN,NORTH,30,MEDIUM
123,100,1990,344,RED,NORTH,60,MEDIUM
90,110,366,614,YELLOW,SOUTH,50,MEDIUM
54,110,260,796,RED,SOUTH,70,HIGH
40,80,1956,220,RED,WEST,30,MEDIUM
44,100,1564,630,GREEN,WEST,0,SAFE
41,110,258,666,GREEN,NORTH,40,MEDIUM
47,90,1899,395,RED,WEST,30,MEDIUM
89,110,1291,772,RED,WEST,30,MEDIUM
95,120,362,722,RED,EAST,70,HIGH
92,80,1171,727,GREEN,EAST,30,MEDIUM
106,90,1276,298,GREEN,WEST,30,MEDIUM
56,110,1731,230,YELLOW,NORTH,10,SAFE
81,100,493,568,GREEN,WEST,40,MEDIUM
84,100,474,364,RED,EAST,30,MEDIUM
49,90,469,716,GREEN,NORTH,40,MEDIUM
89,120,1353,132,YELLOW,EAST,10,SAFE
81,100,672,664,RED,EAST,30,MEDIUM
52,100,1794,659,YELLOW,WEST,10,SAFE
71,100,1398,607,RED,SOUTH,30,MEDIUM
50,110,1955,194,YELLOW,WEST,10,SAFE
76,100,389,234,GREEN,EAST,0,SAFE
88,120,192,177,RED,EAST,30,MEDIUM
123,90,508,662,YELLOW,EAST,80,HIGH
64,90,1409,607,YELLOW,EAST,10,SAFE
125,80,1721,455,RED,EAST,60,MEDIUM
84,90,355,361,GREEN,EAST,40,MEDIUM
44,80,1967,523,RED,EAST,30,MEDIUM
97,90,1259,796,GREEN,WEST,30,MEDIUM
64,120,632,481,GREEN,NORTH,0,SAFE
51,80,477,638,GREEN,WEST,40,MEDIUM
56,110,1263,283,RED,EAST,30,MEDIUM
48,90,622,418,GREEN,SOUTH,0,SAFE
80,90,965,407,RED,EAST,30,MEDIUM
82,90,409,150,RED,SOUTH,30,MEDIUM
102,80,138,378,RED,SOUTH,100,HIGH
57,90,939,150,GREEN,NORTH,0,SAFE
82,90,843,522,GREEN,SOUTH,0,SAFE
104,120,1209,252,YELLOW,SOUTH,10,SAFE
77,120,1256,575,RED,EAST,30,MEDIUM
126,80,1309,234,GREEN,WEST,30,MEDIUM
51,110,1915,770,RED,WEST,30,MEDIUM
50,90,1629,791,GREEN,EAST,0,SAFE
114,80,169,374,RED,SOUTH,100,HIGH
50,100,1936,798,GREEN,EAST,0,SAFE
55,110,948,759,YELLOW,WEST,10,SAFE
85,110,1125,243,RED,SOUTH,30,MEDIUM
51,100,639,405,RED,NORTH,30,MEDIUM
86,100,215,282,RED,EAST,70,HIGH
111,110,1349,581,GREEN,SOUTH,30,MEDIUM
58,110,1741,259,RED,NORTH,30,MEDIUM
48,110,1794,383,GREEN,EAST,0,SAFE
72,80,863,792,YELLOW,WEST,10,SAFE
63,90,713,218,GREEN,WEST,0,SAFE
43,110,1565,274,YELLOW,EAST,10,SAFE
84,110,1547,647,YELLOW,SOUTH,10,SAFE
86,110,962,697,GREEN,EAST,0,SAFE
93,100,1038,584,GREEN,WEST,0,SAFE
88,80,152,656,YELLOW,SOUTH,80,HIGH
106,100,247,799,GREEN,EAST,70,HIGH
75,90,600,577,YELLOW,SOUTH,10,SAFE
94,100,658,621,RED,EAST,30,MEDIUM
47,90,1959,447,YELLOW,WEST,10,SAFE
48,80,1165,650,GREEN,NORTH,0,SAFE
58,110,1901,326,RED,SOUTH,30,MEDIUM
120,90,330,404,GREEN,SOUTH,70,HIGH
44,100,1562,553,YELLOW,SOUTH,10,SAFE
76,120,1655,105,RED,WEST,30,MEDIUM
99,120,855,184,YELLOW,WEST,10,SAFE
130,80,1179,489,RED,EAST,60,MEDIUM
102,110,395,789,RED,NORTH,70,HIGH
60,80,870,249,RED,EAST,30,MEDIUM
129,110,1741,399,RED,EAST,60,MEDIUM
66,110,1011,740,GREEN,NORTH,0,SAFE
68,80,1784,233,RED,NORTH,30,MEDIUM
71,120,1860,354,RED,NORTH,30,MEDIUM
129,120,1775,101,YELLOW,NORTH,40,MEDIUM
109,120,370,692,GREEN,EAST,40,MEDIUM
121,110,436,348,RED,SOUTH,60,MEDIUM
61,90,1565,798,RED,SOUTH,30,MEDIUM
108,80,940,486,RED,EAST,60,MEDIUM
127,110,1311,159,RED,WEST,60,MEDIUM
67,80,1458,730,RED,WEST,30,MEDIUM
107,100,1422,333,RED,SOUTH,60,MEDIUM
65,120,1837,357,RED,WEST,30,MEDIUM
96,110,126,587,GREEN,WEST,40,MEDIUM
60,80,1086,260,RED,EAST,30,MEDIUM
57,90,1015,134,GREEN,NORTH,0,SAFE
73,100,1940,395,GREEN,EAST,0,SAFE
129,110,1821,529,RED,NORTH,60,MEDIUM
94,100,1039,741,GREEN,WEST,0,SAFE
107,100,1167,556,GREEN,SOUTH,30,MEDIUM
125,90,917,594,RED,EAST,60,MEDIUM
106,80,247,273,YELLOW,SOUTH,80,HIGH
70,120,1910,491,GREEN,NORTH,0,SAFE
68,80,1285,108,YELLOW,NORTH,10,SAFE
100,90,1768,367,RED,WEST,60,MEDIUM
129,100,385,607,YELLOW,NORTH,80,HIGH
43,90,1217,719,RED,WEST,30,MEDIUM
41,120,1628,101,RED,EAST,30,MEDIUM
60,110,1007,271,GREEN,EAST,0,SAFE
80,110,448,723,GREEN,SOUTH,40,MEDIUM
89,100,264,768,GREEN,EAST,40,MEDIUM
97,80,758,139,GREEN,NORTH,30,MEDIUM
79,100,786,440,RED,NORTH,30,MEDIUM
51,100,1804,543,YELLOW,NORTH,10,SAFE
121,100,507,342,GREEN,SOUTH,30,MEDIUM
105,90,1191,430,RED,NORTH,60,MEDIUM
56,100,607,174,RED,WEST,30,MEDIUM
124,80,710,265,RED,SOUTH,60,MEDIUM
64,100,1404,423,GREEN,NORTH,0,SAFE
45,90,962,278,GREEN,WEST,0,SAFE
48,80,135,605,YELLOW,SOUTH,50,MEDIUM
84,110,1895,422,RED,WEST,30,MEDIUM
74,100,139,798,RED,WEST,70,HIGH
83,90,1128,593,RED,WEST,30,MEDIUM
120,90,530,794,YELLOW,WEST,80,HIGH
55,110,553,439,YELLOW,NORTH,10,SAFE
84,80,1935,673,GREEN,EAST,30,MEDIUM
124,110,1244,800,YELLOW,NORTH,40,MEDIUM
88,80,750,111,RED,EAST,60,MEDIUM
70,110,318,118,RED,NORTH,30,MEDIUM
42,110,1058,468,RED,SOUTH,30,MEDIUM
102,110,1684,136,RED,SOUTH,30,MEDIUM
48,110,1119,604,RED,NORTH,30,MEDIUM
71,100,1770,585,RED,NORTH,30,MEDIUM
68,110,1697,507,GREEN,EAST,0,SAFE
90,120,449,594,YELLOW,NORTH,50,MEDIUM
79,110,1557,193,GREEN,EAST,0,SAFE
69,80,1804,320,RED,NORTH,30,MEDIUM
45,120,1803,502,YELLOW,EAST,10,SAFE
46,110,408,324,GREEN,SOUTH,0,SAFE
89,110,532,500,GREEN,NORTH,0,SAFE
109,100,1665,286,YELLOW,EAST,40,MEDIUM
67,80,1088,475,YELLOW,NORTH,10,SAFE
92,90,278,534,GREEN,NORTH,70,HIGH
66,120,1104,221,GREEN,SOUTH,0,SAFE
89,90,745,357,YELLOW,NORTH,10,SAFE
74,100,1457,326,GREEN,NORTH,0,SAFE
99,120,299,259,YELLOW,WEST,10,SAFE
109,100,676,359,GREEN,SOUTH,30,MEDIUM
41,120,1775,592,YELLOW,NORTH,10,SAFE
79,80,983,556,RED,WEST,30,MEDIUM
128,90,611,713,GREEN,SOUTH,70,HIGH
119,80,333,613,RED,NORTH,100,HIGH
122,90,1090,481,GREEN,SOUTH,30,MEDIUM
118,100,508,633,YELLOW,EAST,80,HIGH
123,80,1834,329,YELLOW,EAST,40,MEDIUM
122,100,1155,177,GREEN,NORTH,30,MEDIUM
82,90,480,257,RED,SOUTH,30,MEDIUM
40,110,304,715,GREEN,WEST,40,MEDIUM
117,100,380,617,YELLOW,EAST,80,HIGH
125,120,1837,165,GREEN,NORTH,30,MEDIUM
124,80,746,395,RED,NORTH,60,MEDIUM
66,80,1922,755,YELLOW,SOUTH,10,SAFE
42,80,1029,649,GREEN,NORTH,0,SAFE
85,120,537,789,GREEN,EAST,40,MEDIUM
85,80,1104,759,YELLOW,SOUTH,40,MEDIUM
128,110,1586,118,RED,NORTH,60,MEDIUM
59,100,1590,188,RED,SOUTH,30,MEDIUM
50,110,658,698,YELLOW,SOUTH,50,MEDIUM
51,90,393,790,YELLOW,WEST,50,MEDIUM
99,80,972,660,RED,NORTH,60,MEDIUM
41,80,512,539,RED,EAST,70,HIGH
123,120,470,466,GREEN,NORTH,30,MEDIUM
113,90,898,175,RED,NORTH,60,MEDIUM
47,90,1472,464,RED,EAST,30,MEDIUM
89,90,1395,378,RED,NORTH,30,MEDIUM
127,100,1011,694,RED,NORTH,60,MEDIUM
103,90,1750,109,RED,SOUTH,60,MEDIUM
75,90,366,161,YELLOW,SOUTH,10,SAFE
95,90,1390,222,RED,EAST,60,MEDIUM
48,120,384,380,YELLOW,WEST,10,SAFE
121,120,913,641,YELLOW,SOUTH,40,MEDIUM
87,100,934,785,RED,NORTH,30,MEDIUM
63,100,1258,788,YELLOW,EAST,10,SAFE
61,80,381,463,GREEN,WEST,40,MEDIUM
107,110,241,537,YELLOW,WEST,50,MEDIUM
49,120,1351,365,RED,EAST,30,MEDIUM
67,110,528,667,RED,WEST,70,HIGH
53,80,607,417,YELLOW,SOUTH,10,SAFE
63,80,1035,265,RED,SOUTH,30,MEDIUM
73,80,1936,184,YELLOW,EAST,10,SAFE
56,110,1520,137,YELLOW,WEST,10,SAFE
91,80,763,632,GREEN,EAST,30,MEDIUM
113,110,1103,211,RED,EAST,60,MEDIUM
92,110,224,243,GREEN,EAST,40,MEDIUM
113,120,1262,652,RED,SOUTH,30,MEDIUM
91,80,1245,164,GREEN,EAST,30,MEDIUM
45,90,956,632,RED,SOUTH,30,MEDIUM
45,100,1904,424,YELLOW,NORTH,10,SAFE
93,90,839,560,YELLOW,NORTH,40,MEDIUM
84,120,773,416,YELLOW,EAST,10,SAFE
130,100,1567,639,YELLOW,EAST,40,MEDIUM
106,80,796,444,RED,SOUTH,60,MEDIUM
104,110,1198,383,GREEN,SOUTH,0,SAFE
85,110,624,724,YELLOW,NORTH,50,MEDIUM
41,100,638,779,YELLOW,NORTH,50,MEDIUM
122,100,1832,656,YELLOW,SOUTH,40,MEDIUM
121,90,314,600,RED,NORTH,100,HIGH
55,90,957,346,YELLOW,SOUTH,10,SAFE
57,80,1038,312,GREEN,WEST,0,SAFE
73,80,1742,704,YELLOW,NORTH,10,SAFE
107,100,622,792,GREEN,WEST,70,HIGH
96,120,1277,363,YELLOW,NORTH,10,SAFE
77,120,881,676,GREEN,WEST,0,SAFE
118,80,1741,204,GREEN,WEST,30,MEDIUM
126,120,1007,178,RED,NORTH,60,MEDIUM
111,110,1765,501,GREEN,EAST,30,MEDIUM
105,100,1160,420,RED,WEST,60,MEDIUM
56,90,645,632,YELLOW,SOUTH,10,SAFE
83,110,1137,725,RED,EAST,30,MEDIUM
63,120,1790,769,GREEN,NORTH,0,SAFE
79,110,1350,718,YELLOW,NORTH,10,SAFE
118,100,1678,642,GREEN,SOUTH,30,MEDIUM
97,120,1133,247,YELLOW,SOUTH,10,SAFE
57,120,197,750,YELLOW,EAST,50,MEDIUM
47,100,411,766,GREEN,WEST,40,MEDIUM
54,80,167,277,GREEN,EAST,40,MEDIUM
47,80,1726,337,YELLOW,NORTH,10,SAFE
108,100,589,371,YELLOW,NORTH,40,MEDIUM
65,120,941,681,GREEN,NORTH,0,SAFE
57,110,1513,502,GREEN,EAST,0,SAFE
41,120,1981,207,YELLOW,EAST,10,SAFE
96,90,315,367,YELLOW,SOUTH,80,HIGH
125,90,1798,135,YELLOW,EAST,40,MEDIUM
49,120,525,420,YELLOW,EAST,10,SAFE
86,80,1428,480,GREEN,WEST,30,MEDIUM
70,90,1165,358,YELLOW,SOUTH,10,SAFE
78,100,1727,225,YELLOW,SOUTH,10,SAFE
127,110,1475,796,RED,EAST,60,MEDIUM
66,120,512,337,RED,NORTH,30,MEDIUM
82,90,223,520,YELLOW,SOUTH,50,MEDIUM
84,110,1109,367,RED,EAST,30,MEDIUM
126,110,1055,263,GREEN,NORTH,30,MEDIUM
78,100,942,716,RED,NORTH,30,MEDIUM
87,80,931,429,RED,SOUTH,60,MEDIUM
125,80,1785,685,RED,EAST,60,MEDIUM
72,90,346,480,RED,NORTH,70,HIGH
71,100,222,415,GREEN,NORTH,40,MEDIUM
90,100,1665,379,YELLOW,SOUTH,10,SAFE
116,120,735,495,RED,WEST,30,MEDIUM
46,120,1734,349,RED,WEST,30,MEDIUM
107,90,1328,780,YELLOW,WEST,40,MEDIUM
49,80,1968,431,GREEN,NORTH,0,SAFE
64,80,938,323,GREEN,WEST,0,SAFE
99,90,1583,335,GREEN,NORTH,30,MEDIUM
70,90,501,470,RED,SOUTH,30,MEDIUM
115,90,725,330,YELLOW,WEST,40,MEDIUM
94,80,528,580,YELLOW,WEST,80,HIGH
46,110,611,363,YELLOW,EAST,10,SAFE
52,110,147,228,YELLOW,SOUTH,50,MEDIUM
71,100,1789,592,RED,SOUTH,30,MEDIUM
62,110,888,566,GREEN,NORTH,0,SAFE
46,100,168,489,GREEN,EAST,40,MEDIUM
112,110,570,409,YELLOW,EAST,40,MEDIUM
40,100,1590,626,YELLOW,WEST,10,SAFE
74,80,1604,623,GREEN,WEST,0,SAFE
110,120,1288,249,YELLOW,EAST,10,SAFE
116,90,682,710,GREEN,NORTH,70,HIGH
107,100,1004,130,GREEN,WEST,30,MEDIUM
110,120,1446,246,GREEN,EAST,0,SAFE
96,110,562,161,GREEN,WEST,0,SAFE
110,90,148,597,RED,NORTH,100,HIGH
55,90,1432,294,RED,WEST,30,MEDIUM
124,110,130,593,RED,EAST,100,HIGH
49,110,842,689,RED,WEST,30,MEDIUM
121,80,1712,120,RED,WEST,60,MEDIUM
84,80,1525,114,RED,EAST,60,MEDIUM
102,90,958,569,RED,NORTH,60,MEDIUM
126,100,282,288,RED,WEST,100,HIGH
122,110,1158,309,YELLOW,WEST,40,MEDIUM
44,90,1924,719,GREEN,SOUTH,0,SAFE
45,90,698,740,RED,WEST,70,HIGH
52,90,906,703,YELLOW,WEST,10,SAFE
100,80,329,683,GREEN,EAST,70,HIGH
110,120,737,235,RED,WEST,30,MEDIUM
40,100,836,451,GREEN,NORTH,0,SAFE
90,110,180,510,YELLOW,EAST,50,MEDIUM
60,80,366,155,GREEN,NORTH,0,SAFE
68,110,1191,125,YELLOW,EAST,10,SAFE
111,90,1162,355,YELLOW,WEST,40,MEDIUM
80,80,1623,272,RED,WEST,30,MEDIUM
42,80,936,459,RED,NORTH,30,MEDIUM
126,120,141,238,GREEN,WEST,70,HIGH
54,120,1113,379,YELLOW,WEST,10,SAFE
114,120,880,158,RED,WEST,30,MEDIUM
42,80,1186,413,GREEN,NORTH,0,SAFE
94,90,1299,771,RED,NORTH,60,MEDIUM
81,80,143,755,GREEN,EAST,70,HIGH
56,80,615,273,GREEN,NORTH,0,SAFE
124,120,443,505,RED,SOUTH,100,HIGH
43,110,279,158,YELLOW,WEST,10,SAFE
41,110,593,604,RED,EAST,70,HIGH
72,100,698,228,YELLOW,WEST,10,SAFE
106,110,1992,610,YELLOW,EAST,10,SAFE
56,80,1905,551,YELLOW,EAST,10,SAFE
110,120,787,520,YELLOW,SOUTH,10,SAFE
51,90,617,110,GREEN,EAST,0,SAFE
108,120,770,218,YELLOW,WEST,10,SAFE
109,120,439,524,YELLOW,NORTH,50,MEDIUM
120,110,1138,692,GREEN,SOUTH,30,MEDIUM
53,120,275,332,RED,SOUTH,70,HIGH
87,90,1008,329,GREEN,EAST,0,SAFE
83,80,1880,306,GREEN,EAST,30,MEDIUM
92,100,849,685,RED,SOUTH,30,MEDIUM
116,120,775,626,GREEN,EAST,0,SAFE
123,90,755,484,RED,SOUTH,60,MEDIUM
67,90,1415,480,YELLOW,EAST,10,SAFE
90,90,1612,796,YELLOW,WEST,10,SAFE
108,110,846,215,YELLOW,NORTH,10,SAFE
111,90,258,267,GREEN,EAST,70,HIGH
72,110,1794,680,GREEN,EAST,0,SAFE
40,100,577,292,YELLOW,NORTH,10,SAFE
57,80,329,136,RED,SOUTH,30,MEDIUM
117,120,1938,503,YELLOW,WEST,10,SAFE
101,90,1678,325,YELLOW,WEST,40,MEDIUM
130,100,1315,553,YELLOW,NORTH,40,MEDIUM
87,120,1864,759,YELLOW,EAST,10,SAFE
53,110,935,255,RED,NORTH,30,MEDIUM
53,120,980,634,YELLOW,EAST,10,SAFE
113,80,716,230,RED,NORTH,60,MEDIUM
57,90,1669,284,RED,WEST,30,MEDIUM
120,110,1584,626,RED,SOUTH,60,MEDIUM
59,110,1563,724,RED,WEST,30,MEDIUM
92,110,1697,391,YELLOW,WEST,10,SAFE
93,100,891,709,YELLOW,WEST,10,SAFE
41,100,1131,424,YELLOW,EAST,10,SAFE
113,90,1725,230,RED,WEST,60,MEDIUM
109,90,1596,583,GREEN,WEST,30,MEDIUM
67,90,605,415,RED,SOUTH,30,MEDIUM
66,120,884,543,YELLOW,EAST,10,SAFE
111,110,1506,288,RED,NORTH,60,MEDIUM
130,80,105,763,GREEN,WEST,70,HIGH
109,90,816,384,GREEN,NORTH,30,MEDIUM
99,110,994,693,YELLOW,WEST,10,SAFE
94,100,1616,679,GREEN,WEST,0,SAFE
112,110,1662,282,GREEN,NORTH,30,MEDIUM
101,100,503,685,GREEN,SOUTH,70,HIGH
94,100,940,492,YELLOW,SOUTH,10,SAFE
91,100,486,714,YELLOW,NORTH,50,MEDIUM
48,90,1606,217,RED,WEST,30,MEDIUM
99,90,1466,139,GREEN,EAST,30,MEDIUM
106,110,1668,521,GREEN,NORTH,0,SAFE
69,100,1291,435,RED,SOUTH,30,MEDIUM
115,90,1160,526,RED,NORTH,60,MEDIUM
123,90,1968,286,YELLOW,NORTH,40,MEDIUM
76,110,764,163,RED,SOUTH,30,MEDIUM
64,110,344,123,YELLOW,WEST,10,SAFE
95,80,268,757,YELLOW,EAST,80,HIGH
67,80,1352,469,GREEN,WEST,0,SAFE
76,80,809,616,GREEN,EAST,0,SAFE
116,110,207,278,RED,NORTH,100,HIGH
95,90,1356,143,RED,EAST,60,MEDIUM
127,80,1807,421,GREEN,EAST,30,MEDIUM
130,100,1295,265,GREEN,SOUTH,30,MEDIUM
112,100,1707,631,YELLOW,EAST,40,MEDIUM
118,100,836,548,YELLOW,SOUTH,40,MEDIUM
46,120,1041,622,RED,SOUTH,30,MEDIUM
45,120,728,468,GREEN,WEST,0,SAFE
52,110,121,378,YELLOW,WEST,50,MEDIUM
91,80,1860,354,RED,NORTH,60,MEDIUM
50,90,1803,678,YELLOW,NORTH,10,SAFE
58,80,1422,409,YELLOW,SOUTH,10,SAFE
83,120,1061,596,RED,EAST,30,MEDIUM
71,120,1564,112,YELLOW,WEST,10,SAFE
99,120,657,467,GREEN,NORTH,0,SAFE
52,80,1425,322,GREEN,NORTH,0,SAFE
79,90,136,727,RED,SOUTH,70,HIGH
90,120,553,761,YELLOW,WEST,50,MEDIUM
67,80,1277,616,GREEN,NORTH,0,SAFE
91,90,1456,565,GREEN,EAST,30,MEDIUM
43,110,581,724,RED,WEST,70,HIGH
118,80,1279,386,RED,SOUTH,60,MEDIUM
106,110,864,651,GREEN,NORTH,0,SAFE
49,120,367,185,YELLOW,WEST,10,SAFE
108,80,1121,719,GREEN,NORTH,30,MEDIUM
95,110,1359,789,GREEN,NORTH,0,SAFE
64,110,1032,171,RED,WEST,30,MEDIUM
130,120,156,558,GREEN,NORTH,70,HIGH
84,90,1162,643,RED,EAST,30,MEDIUM
106,110,1332,368,YELLOW,EAST,10,SAFE
45,80,1575,666,YELLOW,SOUTH,10,SAFE
79,110,207,454,GREEN,EAST,40,MEDIUM
118,80,1869,291,YELLOW,NORTH,40,MEDIUM
100,120,175,173,GREEN,WEST,0,SAFE
130,100,1822,461,GREEN,WEST,30,MEDIUM
78,90,1582,367,GREEN,WEST,0,SAFE
97,80,398,418,GREEN,EAST,70,HIGH
126,100,830,106,RED,WEST,60,MEDIUM
46,100,124,680,GREEN,NORTH,40,MEDIUM
130,80,1494,285,GREEN,EAST,30,MEDIUM
65,100,1034,480,RED,NORTH,30,MEDIUM
62,120,685,300,YELLOW,SOUTH,10,SAFE
100,80,1102,634,YELLOW,NORTH,40,MEDIUM
43,80,361,100,YELLOW,NORTH,10,SAFE
64,100,364,142,RED,WEST,30,MEDIUM
47,120,1869,712,RED,NORTH,30,MEDIUM
66,90,848,560,YELLOW,EAST,10,SAFE
52,110,984,661,GREEN,WEST,0,SAFE
93,90,1763,637,GREEN,EAST,30,MEDIUM
70,80,190,159,RED,NORTH,30,MEDIUM
88,90,1583,145,YELLOW,NORTH,10,SAFE
93,100,276,607,YELLOW,EAST,50,MEDIUM
105,90,1267,294,YELLOW,WEST,40,MEDIUM
97,100,522,148,RED,WEST,30,MEDIUM
86,100,836,552,YELLOW,EAST,10,SAFE
100,100,1130,286,GREEN,SOUTH,0,SAFE
124,80,141,735,GREEN,SOUTH,70,HIGH
51,80,1417,221,YELLOW,NORTH,10,SAFE
63,110,202,713,YELLOW,WEST,50,MEDIUM
40,90,1873,114,YELLOW,WEST,10,SAFE
125,90,193,625,RED,WEST,100,HIGH
117,110,1624,101,GREEN,EAST,30,MEDIUM
105,100,1047,480,RED,NORTH,60,MEDIUM
64,100,1610,223,RED,EAST,30,MEDIUM
62,80,1068,378,YELLOW,SOUTH,10,SAFE
46,110,867,302,GREEN,NORTH,0,SAFE
42,120,1949,683,GREEN,NORTH,0,SAFE
63,120,920,310,RED,NORTH,30,MEDIUM
76,120,791,242,RED,EAST,30,MEDIUM
55,90,174,578,RED,WEST,70,HIGH
94,100,1875,262,GREEN,SOUTH,0,SAFE
64,110,446,106,YELLOW,NORTH,10,SAFE
120,90,1455,324,GREEN,WEST,30,MEDIUM
89,100,767,140,YELLOW,NORTH,10,SAFE
54,80,201,364,YELLOW,EAST,50,MEDIUM
93,120,359,243,RED,SOUTH,30,MEDIUM
108,100,815,181,YELLOW,SOUTH,40,MEDIUM
42,110,1488,668,GREEN,SOUTH,0,SAFE
46,120,363,734,RED,NORTH,70,HIGH
60,90,1036,511,RED,SOUTH,30,MEDIUM
61,110,1752,408,RED,NORTH,30,MEDIUM
97,80,1190,777,YELLOW,SOUTH,40,MEDIUM
95,110,352,441,GREEN,WEST,40,MEDIUM
72,100,922,198,RED,EAST,30,MEDIUM
66,90,340,555,YELLOW,NORTH,50,MEDIUM
56,100,1365,583,RED,NORTH,30,MEDIUM
50,100,353,590,YELLOW,WEST,50,MEDIUM
108,80,1902,677,GREEN,NORTH,30,MEDIUM
83,90,1336,480,RED,NORTH,30,MEDIUM
93,90,351,113,GREEN,EAST,30,MEDIUM
46,110,1577,640,RED,SOUTH,30,MEDIUM
42,90,333,371,YELLOW,NORTH,50,MEDIUM
125,110,178,699,GREEN,NORTH,70,HIGH
120,80,1346,480,GREEN,WEST,30,MEDIUM
49,100,217,731,YELLOW,EAST,50,MEDIUM
89,110,400,224,YELLOW,NORTH,10,SAFE
74,110,675,135,YELLOW,NORTH,10,SAFE
129,110,1368,422,RED,NORTH,60,MEDIUM
90,90,183,208,YELLOW,NORTH,50,MEDIUM
88,80,521,112,GREEN,WEST,30,MEDIUM
122,80,1544,307,RED,EAST,60,MEDIUM
57,80,1797,728,RED,WEST,30,MEDIUM
115,120,1592,289,RED,SOUTH,30,MEDIUM
113,80,552,340,GREEN,SOUTH,30,MEDIUM
106,100,1274,546,GREEN,WEST,30,MEDIUM
120,100,1664,702,YELLOW,EAST,40,MEDIUM
99,110,162,162,GREEN,WEST,0,SAFE
119,100,1135,271,GREEN,NORTH,30,MEDIUM
52,90,552,206,GREEN,WEST,0,SAFE
40,120,150,600,RED,NORTH,70,HIGH
53,110,1241,561,YELLOW,EAST,10,SAFE
43,110,1353,769,RED,WEST,30,MEDIUM
50,90,795,281,GREEN,SOUTH,0,SAFE
125,120,291,140,YELLOW,WEST,40,MEDIUM
113,90,1550,497,GREEN,NORTH,30,MEDIUM
57,100,286,326,GREEN,SOUTH,40,MEDIUM
81,110,1910,260,GREEN,EAST,0,SAFE
97,80,876,125,RED,EAST,60,MEDIUM
113,100,1032,715,YELLOW,SOUTH,40,MEDIUM
49,80,1321,348,GREEN,SOUTH,0,SAFE
77,90,1418,507,YELLOW,SOUTH,10,SAFE
110,110,1063,687,YELLOW,NORTH,10,SAFE
90,110,1749,354,YELLOW,EAST,10,SAFE
113,120,904,270,YELLOW,SOUTH,10,SAFE
59,80,152,260,YELLOW,NORTH,50,MEDIUM
96,120,1454,620,RED,NORTH,30,MEDIUM
52,80,671,506,YELLOW,NORTH,10,SAFE
46,90,773,137,RED,SOUTH,30,MEDIUM
124,80,1183,538,YELLOW,EAST,40,MEDIUM
80,100,1354,280,RED,NORTH,30,MEDIUM
118,120,1009,585,RED,SOUTH,30,MEDIUM
66,100,281,133,GREEN,WEST,0,SAFE
110,100,1630,396,YELLOW,SOUTH,40,MEDIUM
64,80,1961,359,GREEN,WEST,0,SAFE
101,100,1562,260,RED,EAST,60,MEDIUM
80,90,1461,775,GREEN,NORTH,0,SAFE
114,80,990,327,GREEN,WEST,30,MEDIUM
80,90,304,430,GREEN,NORTH,40,MEDIUM
49,120,1854,292,GREEN,WEST,0,SAFE
107,90,447,515,GREEN,WEST,70,HIGH
54,120,1884,604,YELLOW,EAST,10,SAFE
63,100,204,520,YELLOW,NORTH,50,MEDIUM
56,100,617,251,GREEN,NORTH,0,SAFE
83,80,730,567,GREEN,EAST,30,MEDIUM
96,80,937,593,GREEN,WEST,30,MEDIUM
85,120,1985,185,GREEN,WEST,0,SAFE
71,110,349,616,GREEN,EAST,40,MEDIUM
130,80,1937,229,YELLOW,NORTH,40,MEDIUM
129,120,1233,225,YELLOW,NORTH,40,MEDIUM
86,120,539,365,RED,WEST,30,MEDIUM
88,100,306,228,YELLOW,EAST,10,SAFE
119,90,1878,407,YELLOW,NORTH,40,MEDIUM
52,80,1457,533,RED,NORTH,30,MEDIUM
123,120,525,258,YELLOW,NORTH,40,MEDIUM
78,80,751,117,YELLOW,WEST,10,SAFE
42,80,1892,411,RED,SOUTH,30,MEDIUM
87,80,1933,607,RED,SOUTH,60,MEDIUM
116,120,1380,576,YELLOW,NORTH,10,SAFE
107,100,1766,269,GREEN,NORTH,30,MEDIUM
48,90,559,648,YELLOW,WEST,50,MEDIUM
76,110,352,439,GREEN,SOUTH,40,MEDIUM
113,80,1424,162,GREEN,NORTH,30,MEDIUM
109,90,1400,102,YELLOW,NORTH,40,MEDIUM
52,110,1830,397,RED,WEST,30,MEDIUM
67,110,593,238,YELLOW,NORTH,10,SAFE
70,110,1093,151,YELLOW,WEST,10,SAFE
82,100,1410,619,GREEN,WEST,0,SAFE
81,80,685,641,GREEN,SOUTH,30,MEDIUM
43,90,457,696,RED,NORTH,70,HIGH
112,100,1062,258,YELLOW,NORTH,40,MEDIUM
78,120,1138,737,GREEN,NORTH,0,SAFE
103,110,1809,135,GREEN,SOUTH,0,SAFE
75,100,241,486,RED,EAST,70,HIGH
80,120,664,755,RED,SOUTH,70,HIGH
73,80,325,460,RED,SOUTH,70,HIGH
102,120,585,781,YELLOW,EAST,50,MEDIUM
53,100,1861,298,RED,NORTH,30,MEDIUM
85,90,1024,244,GREEN,EAST,0,SAFE
48,80,583,782,RED,SOUTH,70,HIGH
48,90,1264,303,GREEN,SOUTH,0,SAFE
47,110,821,209,GREEN,WEST,0,SAFE
51,100,640,571,RED,NORTH,30,MEDIUM
89,110,1320,306,YELLOW,NORTH,10,SAFE
109,110,850,526,RED,WEST,30,MEDIUM
105,80,1428,547,RED,EAST,60,MEDIUM
120,110,675,523,GREEN,SOUTH,30,MEDIUM
93,120,393,128,YELLOW,SOUTH,10,SAFE
90,120,1708,448,GREEN,SOUTH,0,SAFE
105,110,1914,101,YELLOW,EAST,10,SAFE
122,80,447,421,GREEN,WEST,30,MEDIUM
68,80,1018,111,RED,WEST,30,MEDIUM
87,110,617,237,YELLOW,NORTH,10,SAFE
46,110,1874,257,GREEN,SOUTH,0,SAFE
77,120,472,241,YELLOW,EAST,10,SAFE
43,80,1759,614,RED,NORTH,30,MEDIUM
75,120,1478,663,YELLOW,SOUTH,10,SAFE
57,120,180,656,YELLOW,NORTH,50,MEDIUM
42,120,1518,181,RED,EAST,30,MEDIUM
62,100,593,712,GREEN,EAST,40,MEDIUM
60,110,564,256,RED,NORTH,30,MEDIUM
43,110,437,776,GREEN,SOUTH,40,MEDIUM
97,110,1362,683,YELLOW,NORTH,10,SAFE
51,100,996,524,RED,EAST,30,MEDIUM
79,90,383,483,YELLOW,EAST,50,MEDIUM
57,90,1708,344,YELLOW,NORTH,10,SAFE
97,120,573,342,GREEN,SOUTH,0,SAFE
129,100,440,700,GREEN,SOUTH,70,HIGH
55,90,836,536,GREEN,WEST,0,SAFE
70,120,1475,569,RED,NORTH,30,MEDIUM
86,90,564,155,RED,EAST,30,MEDIUM
47,100,394,372,GREEN,EAST,0,SAFE
125,90,1008,326,YELLOW,SOUTH,40,MEDIUM
63,120,1807,576,GREEN,SOUTH,0,SAFE
94,80,247,662,GREEN,NORTH,70,HIGH
91,120,961,740,GREEN,NORTH,0,SAFE
56,110,205,509,YELLOW,WEST,50,MEDIUM
129,110,1602,581,RED,SOUTH,60,MEDIUM
83,120,1071,758,RED,EAST,30,MEDIUM
120,120,1627,693,RED,EAST,30,MEDIUM
108,100,1523,255,GREEN,NORTH,30,MEDIUM
123,100,1005,184,RED,SOUTH,60,MEDIUM
76,110,1696,213,RED,EAST,30,MEDIUM
47,90,816,424,RED,WEST,30,MEDIUM
130,110,424,576,YELLOW,EAST,80,HIGH
129,80,1479,297,YELLOW,WEST,40,MEDIUM
106,80,475,686,YELLOW,NORTH,80,HIGH
54,80,723,149,YELLOW,NORTH,10,SAFE
94,80,323,426,GREEN,WEST,70,HIGH
85,80,628,405,GREEN,EAST,30,MEDIUM
76,110,1733,784,GREEN,EAST,0,SAFE
62,90,842,666,GREEN,SOUTH,0,SAFE
91,100,651,115,RED,WEST,30,MEDIUM
44,100,1659,452,RED,NORTH,30,MEDIUM
88,80,589,177,RED,EAST,60,MEDIUM
126,90,598,493,YELLOW,NORTH,40,MEDIUM
46,90,1679,601,YELLOW,SOUTH,10,SAFE
110,120,1548,483,YELLOW,EAST,10,SAFE
114,110,1124,261,GREEN,NORTH,30,MEDIUM
88,90,1292,429,RED,EAST,30,MEDIUM
66,120,1368,241,GREEN,NORTH,0,SAFE
43,110,1952,500,GREEN,WEST,0,SAFE
84,90,1969,669,RED,NORTH,30,MEDIUM
54,110,1429,224,GREEN,SOUTH,0,SAFE
107,80,1290,214,YELLOW,SOUTH,40,MEDIUM
107,120,113,201,GREEN,EAST,40,MEDIUM
125,80,1747,167,YELLOW,SOUTH,40,MEDIUM
70,80,211,218,RED,EAST,70,HIGH
51,90,1458,486,YELLOW,NORTH,10,SAFE
57,90,1258,327,RED,NORTH,30,MEDIUM
84,80,1155,611,RED,EAST,60,MEDIUM
86,110,1358,384,GREEN,NORTH,0,SAFE
83,90,833,207,YELLOW,WEST,10,SAFE
81,100,1558,354,GREEN,WEST,0,SAFE
122,100,403,648,GREEN,EAST,70,HIGH
102,110,1808,309,GREEN,EAST,0,SAFE
128,100,1684,166,YELLOW,NORTH,40,MEDIUM
41,90,1693,721,RED,WEST,30,MEDIUM
47,80,813,395,YELLOW,WEST,10,SAFE
87,110,450,723,RED,WEST,70,HIGH
106,110,163,186,GREEN,SOUTH,40,MEDIUM
94,110,239,666,YELLOW,WEST,50,MEDIUM
84,120,1428,262,YELLOW,EAST,10,SAFE
124,110,228,368,RED,SOUTH,100,HIGH
87,80,1247,477,YELLOW,WEST,40,MEDIUM
101,120,1305,210,GREEN,NORTH,0,SAFE
116,100,367,274,YELLOW,EAST,40,MEDIUM
68,110,1228,201,RED,WEST,30,MEDIUM
88,110,470,427,RED,SOUTH,30,MEDIUM
47,90,926,300,GREEN,EAST,0,SAFE
124,110,1456,525,RED,SOUTH,60,MEDIUM
53,90,1242,464,RED,NORTH,30,MEDIUM
111,90,556,300,RED,EAST,60,MEDIUM
47,80,619,236,YELLOW,EAST,10,SAFE
41,110,1003,416,RED,WEST,30,MEDIUM
65,120,1030,787,GREEN,EAST,0,SAFE
48,120,1106,128,RED,WEST,30,MEDIUM
89,90,911,499,YELLOW,WEST,10,SAFE
127,110,539,548,YELLOW,EAST,80,HIGH
63,90,1911,210,GREEN,EAST,0,SAFE
77,90,1168,524,GREEN,WEST,0,SAFE
70,120,1384,776,RED,NORTH,30,MEDIUM
47,80,378,686,YELLOW,WEST,50,MEDIUM
46,100,1103,773,RED,SOUTH,30,MEDIUM
105,120,1971,451,RED,EAST,30,MEDIUM
126,100,1332,781,GREEN,NORTH,30,MEDIUM
71,90,779,674,RED,NORTH,30,MEDIUM
108,80,1667,145,GREEN,EAST,30,MEDIUM
51,120,1161,144,YELLOW,EAST,10,SAFE
53,100,1932,493,YELLOW,WEST,10,SAFE
88,110,1443,371,GREEN,WEST,0,SAFE
64,90,1787,650,RED,NORTH,30,MEDIUM
54,100,1866,447,YELLOW,SOUTH,10,SAFE
71,80,398,523,YELLOW,EAST,50,MEDIUM
86,100,153,538,GREEN,EAST,40,MEDIUM
96,100,1397,616,YELLOW,WEST,10,SAFE
103,90,1667,471,YELLOW,SOUTH,40,MEDIUM
120,90,1610,306,GREEN,WEST,30,MEDIUM
127,100,229,635,GREEN,SOUTH,70,HIGH
122,80,252,514,YELLOW,EAST,80,HIGH
120,80,1911,671,YELLOW,EAST,40,MEDIUM
73,90,412,539,RED,NORTH,70,HIGH
86,90,1875,176,RED,WEST,30,MEDIUM
67,110,864,715,RED,EAST,30,MEDIUM
126,110,1554,559,GREEN,EAST,30,MEDIUM
90,110,1546,341,RED,EAST,30,MEDIUM
65,110,1396,713,YELLOW,SOUTH,10,SAFE
85,100,1479,304,RED,WEST,30,MEDIUM
106,80,625,318,RED,SOUTH,60,MEDIUM
88,90,343,603,GREEN,WEST,40,MEDIUM
114,120,1766,548,GREEN,WEST,0,SAFE
45,110,1481,322,GREEN,WEST,0,SAFE
108,100,1818,224,RED,WEST,60,MEDIUM
63,100,1762,204,RED,EAST,30,MEDIUM
79,90,178,729,RED,EAST,70,HIGH
51,80,1934,606,RED,WEST,30,MEDIUM
61,80,794,644,RED,EAST,30,MEDIUM
108,110,297,694,YELLOW,EAST,50,MEDIUM
95,110,1007,269,GREEN,NORTH,0,SAFE
102,90,1037,287,GREEN,NORTH,30,MEDIUM
94,100,1527,496,RED,EAST,30,MEDIUM
67,100,216,107,YELLOW,SOUTH,10,SAFE
95,80,1737,717,GREEN,NORTH,30,MEDIUM
85,100,1312,433,GREEN,SOUTH,0,SAFE
82,90,1505,107,YELLOW,NORTH,10,SAFE
73,120,1579,525,GREEN,EAST,0,SAFE
50,110,755,464,YELLOW,WEST,10,SAFE
114,110,1674,429,YELLOW,WEST,40,MEDIUM
40,90,966,234,RED,WEST,30,MEDIUM
96,100,1827,650,GREEN,NORTH,0,SAFE
95,100,1394,750,GREEN,EAST,0,SAFE
72,90,1361,586,RED,NORTH,30,MEDIUM
66,80,282,337,YELLOW,SOUTH,50,MEDIUM
77,90,355,689,YELLOW,EAST,50,MEDIUM
115,80,1893,530,YELLOW,EAST,40,MEDIUM
47,90,1887,706,GREEN,EAST,0,SAFE
50,120,738,439,YELLOW,EAST,10,SAFE
59,110,978,356,RED,NORTH,30,MEDIUM
44,110,501,492,GREEN,WEST,0,SAFE
115,120,1271,339,RED,WEST,30,MEDIUM
69,100,501,270,RED,WEST,30,MEDIUM
122,110,1793,101,YELLOW,SOUTH,40,MEDIUM
42,120,574,775,RED,WEST,70,HIGH
53,90,920,744,RED,WEST,30,MEDIUM
94,120,1053,289,GREEN,EAST,0,SAFE
94,110,396,477,GREEN,NORTH,40,MEDIUM
72,100,989,531,RED,SOUTH,30,MEDIUM
116,100,1856,424,RED,EAST,60,MEDIUM
104,80,1261,589,YELLOW,WEST,40,MEDIUM
103,90,383,116,GREEN,WEST,30,MEDIUM
124,110,314,586,YELLOW,EAST,80,HIGH
62,80,243,216,YELLOW,SOUTH,10,SAFE
76,90,462,475,GREEN,WEST,40,MEDIUM
83,80,1117,461,GREEN,EAST,30,MEDIUM
61,80,1977,640,YELLOW,EAST,10,SAFE
99,90,1284,269,RED,NORTH,60,MEDIUM
97,100,179,155,GREEN,EAST,0,SAFE
123,120,1309,123,RED,SOUTH,60,MEDIUM
77,120,1533,650,GREEN,SOUTH,0,SAFE
125,100,823,495,GREEN,EAST,30,MEDIUM
97,100,460,437,YELLOW,NORTH,10,SAFE
51,90,1991,286,RED,NORTH,30,MEDIUM
76,110,1489,365,RED,NORTH,30,MEDIUM
87,100,1011,565,RED,NORTH,30,MEDIUM
62,90,142,305,YELLOW,EAST,50,MEDIUM
92,80,852,241,RED,NORTH,60,MEDIUM
56,120,945,302,GREEN,SOUTH,0,SAFE
83,90,755,530,GREEN,NORTH,0,SAFE
86,90,902,562,YELLOW,EAST,10,SAFE
122,110,1830,747,YELLOW,NORTH,40,MEDIUM
114,90,1954,299,YELLOW,WEST,40,MEDIUM
73,80,1489,703,YELLOW,NORTH,10,SAFE
114,120,958,111,GREEN,SOUTH,0,SAFE
71,90,708,460,RED,EAST,30,MEDIUM
120,80,1903,124,GREEN,WEST,30,MEDIUM
43,90,1153,168,YELLOW,NORTH,10,SAFE
55,100,1798,106,GREEN,NORTH,0,SAFE
124,80,1593,123,GREEN,EAST,30,MEDIUM
129,120,331,137,YELLOW,WEST,40,MEDIUM
72,80,251,265,GREEN,EAST,40,MEDIUM
50,100,1176,658,RED,EAST,30,MEDIUM
63,80,1142,234,RED,EAST,30,MEDIUM
55,110,560,195,YELLOW,EAST,10,SAFE
124,100,1398,604,GREEN,SOUTH,30,MEDIUM
102,90,326,706,RED,NORTH,100,HIGH
76,120,1524,501,GREEN,EAST,0,SAFE
42,90,969,318,RED,EAST,30,MEDIUM
83,80,1758,653,RED,WEST,60,MEDIUM
107,120,160,282,GREEN,NORTH,40,MEDIUM
89,80,1331,603,RED,WEST,60,MEDIUM
85,90,1077,398,GREEN,EAST,0,SAFE
46,80,1176,442,GREEN,EAST,0,SAFE
105,110,1773,447,GREEN,EAST,0,SAFE
64,110,1497,312,YELLOW,NORTH,10,SAFE
53,90,921,520,YELLOW,NORTH,10,SAFE
58,90,1853,416,GREEN,NORTH,0,SAFE
66,100,1996,723,GREEN,EAST,0,SAFE
55,90,1360,219,YELLOW,EAST,10,SAFE
55,120,619,334,GREEN,SOUTH,0,SAFE
66,110,200,376,GREEN,WEST,40,MEDIUM
43,120,1998,551,GREEN,SOUTH,0,SAFE
96,110,1826,449,YELLOW,EAST,10,SAFE
107,100,1183,355,RED,NORTH,60,MEDIUM
116,80,1656,441,RED,EAST,60,MEDIUM
90,100,1096,241,GREEN,EAST,0,SAFE
111,100,576,778,GREEN,SOUTH,70,HIGH
51,120,871,261,RED,SOUTH,30,MEDIUM
71,90,742,284,RED,NORTH,30,MEDIUM
130,90,1946,423,YELLOW,WEST,40,MEDIUM
56,120,1171,722,YELLOW,EAST,10,SAFE
96,90,857,541,GREEN,WEST,30,MEDIUM
45,80,571,676,RED,WEST,70,HIGH
102,100,1010,221,RED,NORTH,60,MEDIUM
89,80,121,282,YELLOW,SOUTH,80,HIGH
95,80,1713,280,GREEN,WEST,30,MEDIUM
124,100,149,554,YELLOW,WEST,80,HIGH
125,120,308,585,RED,WEST,100,HIGH
104,110,1754,744,YELLOW,NORTH,10,SAFE
107,90,104,461,YELLOW,EAST,80,HIGH
114,100,655,340,GREEN,WEST,30,MEDIUM
124,90,1092,491,GREEN,WEST,30,MEDIUM
50,110,1496,314,RED,WEST,30,MEDIUM
60,110,133,648,RED,WEST,70,HIGH
71,80,183,384,GREEN,SOUTH,40,MEDIUM
107,110,398,365,YELLOW,NORTH,10,SAFE
44,120,1770,162,YELLOW,SOUTH,10,SAFE
112,100,122,481,GREEN,EAST,70,HIGH
120,120,1006,571,RED,WEST,30,MEDIUM
75,120,288,468,GREEN,NORTH,40,MEDIUM
124,80,805,416,GREEN,EAST,30,MEDIUM
126,90,1903,402,RED,WEST,60,MEDIUM
126,80,1098,770,GREEN,SOUTH,30,MEDIUM
79,110,1255,194,YELLOW,NORTH,10,SAFE
70,120,1818,476,RED,NORTH,30,MEDIUM
115,100,1844,260,YELLOW,EAST,40,MEDIUM
96,110,1690,295,YELLOW,EAST,10,SAFE
56,110,703,742,YELLOW,NORTH,50,MEDIUM
93,120,235,596,RED,EAST,70,HIGH
64,110,1759,382,GREEN,NORTH,0,SAFE
68,100,1855,594,RED,WEST,30,MEDIUM
45,110,922,485,YELLOW,SOUTH,10,SAFE
41,100,1405,557,YELLOW,SOUTH,10,SAFE
55,100,1214,316,RED,NORTH,30,MEDIUM
124,110,749,626,YELLOW,SOUTH,40,MEDIUM
64,110,1549,665,RED,NORTH,30,MEDIUM
90,120,1454,227,YELLOW,EAST,10,SAFE
116,80,1111,535,YELLOW,WEST,40,MEDIUM
77,100,1263,663,GREEN,WEST,0,SAFE
118,100,1864,491,YELLOW,SOUTH,40,MEDIUM
51,90,823,714,RED,WEST,30,MEDIUM
90,120,1032,295,YELLOW,WEST,10,SAFE
52,120,675,570,RED,NORTH,30,MEDIUM
81,90,291,501,RED,SOUTH,70,HIGH
81,120,786,590,RED,SOUTH,30,MEDIUM
102,90,726,205,GREEN,NORTH,30,MEDIUM
98,90,1328,218,GREEN,EAST,30,MEDIUM
124,120,1717,700,RED,EAST,60,MEDIUM
98,80,768,123,GREEN,EAST,30,MEDIUM
93,120,154,301,GREEN,EAST,40,MEDIUM
78,80,1524,522,YELLOW,WEST,10,SAFE
110,100,579,683,YELLOW,EAST,80,HIGH
106,100,136,166,RED,EAST,100,HIGH
89,110,1503,467,YELLOW,SOUTH,10,SAFE
106,110,371,302,RED,EAST,30,MEDIUM
113,120,760,588,YELLOW,WEST,10,SAFE
77,100,1388,327,GREEN,NORTH,0,SAFE
49,110,323,171,GREEN,SOUTH,0,SAFE
96,120,1492,434,GREEN,SOUTH,0,SAFE
121,90,174,194,GREEN,EAST,70,HIGH
86,120,740,363,YELLOW,NORTH,10,SAFE
78,120,1311,354,YELLOW,SOUTH,10,SAFE
129,110,232,196,YELLOW,WEST,40,MEDIUM
88,110,1673,575,YELLOW,EAST,10,SAFE
62,90,1074,207,YELLOW,NORTH,10,SAFE
62,110,1522,327,YELLOW,NORTH,10,SAFE
55,100,343,462,GREEN,EAST,40,MEDIUM
82,80,1790,310,YELLOW,EAST,40,MEDIUM
107,110,1075,581,YELLOW,NORTH,10,SAFE
59,90,290,685,GREEN,EAST,40,MEDIUM
65,100,1357,409,YELLOW,WEST,10,SAFE
54,120,1449,385,GREEN,SOUTH,0,SAFE
41,80,1901,646,RED,SOUTH,30,MEDIUM
94,90,1206,604,YELLOW,EAST,40,MEDIUM
101,90,1229,615,YELLOW,SOUTH,40,MEDIUM
119,100,1083,422,GREEN,SOUTH,30,MEDIUM
101,100,1604,489,RED,EAST,60,MEDIUM
49,80,633,266,YELLOW,SOUTH,10,SAFE
55,120,884,763,YELLOW,NORTH,10,SAFE
51,90,505,677,YELLOW,SOUTH,50,MEDIUM
120,120,376,399,YELLOW,NORTH,50,MEDIUM
89,90,969,229,GREEN,WEST,0,SAFE
106,120,675,621,RED,SOUTH,30,MEDIUM
90,120,1114,590,RED,NORTH,30,MEDIUM
108,80,583,111,YELLOW,WEST,40,MEDIUM
99,80,428,196,GREEN,SOUTH,30,MEDIUM
85,100,1883,587,RED,SOUTH,30,MEDIUM
94,80,499,745,GREEN,NORTH,70,HIGH
63,120,463,620,RED,EAST,70,HIGH
94,100,268,545,YELLOW,SOUTH,50,MEDIUM
127,80,1922,165,GREEN,EAST,30,MEDIUM
62,100,1088,364,RED,NORTH,30,MEDIUM
59,100,1383,457,YELLOW,WEST,10,SAFE
84,80,1696,256,GREEN,NORTH,30,MEDIUM
101,110,784,709,RED,NORTH,30,MEDIUM
72,120,388,641,YELLOW,EAST,50,MEDIUM
129,80,699,103,YELLOW,EAST,40,MEDIUM
51,110,839,444,YELLOW,NORTH,10,SAFE
112,90,1473,110,RED,NORTH,60,MEDIUM
107,120,686,618,GREEN,NORTH,0,SAFE
101,110,1602,432,YELLOW,SOUTH,10,SAFE
99,80,771,304,RED,SOUTH,60,MEDIUM
110,120,305,445,GREEN,EAST,40,MEDIUM
91,80,500,674,RED,WEST,100,HIGH
62,100,958,137,RED,EAST,30,MEDIUM
77,100,1099,669,RED,SOUTH,30,MEDIUM
111,110,1088,257,GREEN,SOUTH,30,MEDIUM
47,100,1270,551,YELLOW,EAST,10,SAFE
122,110,267,713,YELLOW,SOUTH,80,HIGH
121,100,1026,311,GREEN,WEST,30,MEDIUM
105,90,1146,615,RED,SOUTH,60,MEDIUM
47,100,632,766,RED,EAST,70,HIGH
61,90,128,458,YELLOW,EAST,50,MEDIUM
47,100,348,103,YELLOW,SOUTH,10,SAFE
52,90,1683,582,RED,NORTH,30,MEDIUM
51,90,429,697,RED,SOUTH,70,HIGH
69,110,429,410,YELLOW,SOUTH,10,SAFE
60,90,1420,302,RED,WEST,30,MEDIUM
127,80,451,741,YELLOW,SOUTH,80,HIGH
90,110,276,561,YELLOW,NORTH,50,MEDIUM
91,80,597,111,GREEN,NORTH,30,MEDIUM
87,120,307,228,RED,SOUTH,30,MEDIUM
66,90,1632,575,RED,NORTH,30,MEDIUM
74,90,1508,503,GREEN,WEST,0,SAFE
124,120,267,763,RED,NORTH,100,HIGH
116,90,1154,497,RED,EAST,60,MEDIUM
100,110,533,648,RED,NORTH,70,HIGH
119,80,799,595,YELLOW,EAST,40,MEDIUM
112,100,272,102,RED,EAST,60,MEDIUM
90,100,207,779,GREEN,WEST,40,MEDIUM
114,120,264,279,YELLOW,EAST,50,MEDIUM
56,90,1981,602,YELLOW,EAST,10,SAFE
50,120,1214,606,RED,SOUTH,30,MEDIUM
40,110,439,579,YELLOW,WEST,50,MEDIUM
128,110,918,502,GREEN,NORTH,30,MEDIUM
51,100,1458,496,YELLOW,EAST,10,SAFE
84,90,906,649,RED,EAST,30,MEDIUM
66,80,348,149,YELLOW,NORTH,10,SAFE
107,100,1864,763,GREEN,NORTH,30,MEDIUM
125,120,1344,560,YELLOW,NORTH,40,MEDIUM
124,90,811,365,YELLOW,NORTH,40,MEDIUM
49,100,680,718,RED,EAST,70,HIGH
103,110,569,766,YELLOW,NORTH,50,MEDIUM
63,110,134,314,YELLOW,WEST,50,MEDIUM
81,90,390,452,YELLOW,EAST,50,MEDIUM
42,90,1437,625,RED,NORTH,30,MEDIUM
128,110,1528,473,RED,NORTH,60,MEDIUM
86,120,1999,130,GREEN,SOUTH,0,SAFE
48,110,1736,798,GREEN,NORTH,0,SAFE
63,80,1820,319,RED,SOUTH,30,MEDIUM
113,120,1524,460,GREEN,SOUTH,0,SAFE
48,80,1124,539,YELLOW,EAST,10,SAFE
78,80,1140,141,GREEN,NORTH,0,SAFE
115,80,114,672,GREEN,SOUTH,70,HIGH
44,90,422,763,RED,WEST,70,HIGH
60,100,1073,458,YELLOW,WEST,10,SAFE
68,90,666,264,GREEN,EAST,0,SAFE
112,100,126,228,GREEN,NORTH,70,HIGH
42,80,861,131,GREEN,WEST,0,SAFE
95,100,1120,684,GREEN,NORTH,0,SAFE
119,110,273,287,RED,SOUTH,100,HIGH
81,100,409,412,YELLOW,SOUTH,50,MEDIUM
105,80,1295,758,GREEN,SOUTH,30,MEDIUM
55,100,189,535,RED,EAST,70,HIGH
102,80,1628,558,GREEN,WEST,30,MEDIUM
95,90,1845,680,GREEN,SOUTH,30,MEDIUM
54,120,1468,395,GREEN,WEST,0,SAFE
90,120,1683,727,RED,EAST,30,MEDIUM
123,120,364,216,GREEN,WEST,30,MEDIUM
126,110,411,218,GREEN,NORTH,30,MEDIUM
107,100,1638,513,RED,EAST,60,MEDIUM
123,120,435,700,GREEN,WEST,70,HIGH
112,80,375,432,RED,EAST,100,HIGH
92,120,1454,690,GREEN,WEST,0,SAFE
94,110,1219,562,GREEN,EAST,0,SAFE
104,90,1177,153,GREEN,EAST,30,MEDIUM
55,120,1612,292,RED,SOUTH,30,MEDIUM
57,120,1328,371,GREEN,WEST,0,SAFE
105,100,164,592,YELLOW,WEST,80,HIGH
65,80,1943,259,YELLOW,NORTH,10,SAFE
104,100,803,314,RED,SOUTH,60,MEDIUM
51,80,1572,514,RED,SOUTH,30,MEDIUM
55,110,1175,220,RED,WEST,30,MEDIUM
66,80,534,567,RED,EAST,70,HIGH
117,110,454,198,GREEN,WEST,30,MEDIUM
130,100,983,102,GREEN,EAST,30,MEDIUM
41,110,1472,624,GREEN,EAST,0,SAFE
41,100,620,503,GREEN,SOUTH,0,SAFE
88,110,387,451,YELLOW,NORTH,50,MEDIUM
128,120,1710,341,GREEN,EAST,30,MEDIUM
128,110,570,522,RED,WEST,60,MEDIUM
46,90,708,756,GREEN,WEST,40,MEDIUM
103,110,1422,456,GREEN,SOUTH,0,SAFE
65,80,1039,558,RED,EAST,30,MEDIUM
92,120,389,147,YELLOW,NORTH,10,SAFE
117,80,308,742,YELLOW,EAST,80,HIGH
106,110,1205,478,GREEN,NORTH,0,SAFE
43,80,294,209,YELLOW,EAST,10,SAFE
128,110,973,789,YELLOW,EAST,40,MEDIUM
96,120,846,554,GREEN,EAST,0,SAFE
62,120,1029,708,GREEN,EAST,0,SAFE
85,80,536,361,RED,NORTH,60,MEDIUM
74,100,1580,691,YELLOW,EAST,10,SAFE
73,90,298,463,YELLOW,NORTH,50,MEDIUM
58,80,1780,678,YELLOW,SOUTH,10,SAFE
64,80,1462,254,RED,EAST,30,MEDIUM
65,80,110,643,GREEN,NORTH,40,MEDIUM
102,80,1935,375,GREEN,SOUTH,30,MEDIUM
115,100,1525,190,RED,SOUTH,60,MEDIUM
119,120,1119,373,RED,NORTH,30,MEDIUM
90,80,896,230,RED,NORTH,60,MEDIUM
116,110,1669,440,YELLOW,NORTH,40,MEDIUM
42,90,1972,332,YELLOW,EAST,10,SAFE
66,80,1655,755,RED,NORTH,30,MEDIUM
76,90,155,161,GREEN,SOUTH,40,MEDIUM
97,80,823,494,RED,NORTH,60,MEDIUM
95,110,1680,485,YELLOW,NORTH,10,SAFE
113,110,1293,586,GREEN,EAST,30,MEDIUM
108,100,1841,347,YELLOW,WEST,40,MEDIUM
69,90,485,483,GREEN,NORTH,0,SAFE
95,80,1284,470,YELLOW,WEST,40,MEDIUM
89,90,1519,785,YELLOW,SOUTH,10,SAFE
108,120,461,391,YELLOW,EAST,10,SAFE
94,90,1222,432,YELLOW,WEST,40,MEDIUM
97,120,387,735,GREEN,EAST,40,MEDIUM
119,80,981,677,YELLOW,WEST,40,MEDIUM
53,110,1877,169,YELLOW,SOUTH,10,SAFE
83,120,617,422,RED,NORTH,30,MEDIUM
63,100,1819,602,GREEN,EAST,0,SAFE
120,100,974,352,RED,SOUTH,60,MEDIUM
104,80,1197,312,YELLOW,WEST,40,MEDIUM
103,80,190,144,GREEN,EAST,30,MEDIUM
95,90,1192,775,RED,SOUTH,60,MEDIUM
48,100,1020,748,RED,SOUTH,30,MEDIUM
90,90,323,566,GREEN,NORTH,40,MEDIUM
52,80,652,561,GREEN,EAST,0,SAFE
113,80,1950,250,GREEN,EAST,30,MEDIUM
106,110,869,457,YELLOW,WEST,10,SAFE
91,80,1165,534,GREEN,NORTH,30,MEDIUM
55,80,516,716,RED,SOUTH,70,HIGH
68,110,1237,369,YELLOW,NORTH,10,SAFE
66,120,880,772,GREEN,SOUTH,0,SAFE
102,90,1631,356,RED,WEST,60,MEDIUM
102,120,1466,761,GREEN,EAST,0,SAFE
110,110,418,236,GREEN,SOUTH,0,SAFE
98,110,1129,293,GREEN,SOUTH,0,SAFE
57,90,1540,764,GREEN,NORTH,0,SAFE
66,80,1692,689,GREEN,SOUTH,0,SAFE
83,100,938,376,RED,SOUTH,30,MEDIUM
55,110,1963,339,RED,WEST,30,MEDIUM
85,80,1354,415,GREEN,SOUTH,30,MEDIUM
83,110,1996,255,GREEN,SOUTH,0,SAFE
68,110,1813,751,GREEN,NORTH,0,SAFE
74,80,1026,582,GREEN,SOUTH,0,SAFE
108,80,1952,264,YELLOW,SOUTH,40,MEDIUM
105,90,791,325,RED,SOUTH,60,MEDIUM
124,120,779,242,YELLOW,SOUTH,40,MEDIUM
78,80,151,485,GREEN,NORTH,40,MEDIUM
99,120,469,367,RED,EAST,30,MEDIUM
46,120,1065,544,GREEN,WEST,0,SAFE
67,110,159,252,RED,NORTH,70,HIGH
118,90,1258,555,RED,WEST,60,MEDIUM
115,110,1628,454,RED,EAST,60,MEDIUM
53,110,931,244,RED,SOUTH,30,MEDIUM
84,100,1181,186,GREEN,EAST,0,SAFE
121,90,503,420,GREEN,NORTH,30,MEDIUM
54,80,1228,433,RED,EAST,30,MEDIUM
80,120,1147,701,YELLOW,EAST,10,SAFE
76,120,1652,242,GREEN,EAST,0,SAFE
82,120,519,392,GREEN,NORTH,0,SAFE
41,90,716,228,YELLOW,WEST,10,SAFE
89,110,1026,747,YELLOW,WEST,10,SAFE
51,100,793,152,YELLOW,NORTH,10,SAFE
96,80,424,235,RED,EAST,60,MEDIUM
117,110,588,727,YELLOW,SOUTH,80,HIGH
86,80,1026,521,GREEN,WEST,30,MEDIUM
53,80,1024,765,RED,WEST,30,MEDIUM
125,80,1156,640,RED,EAST,60,MEDIUM
56,110,559,404,RED,SOUTH,30,MEDIUM
106,110,533,395,GREEN,SOUTH,0,SAFE
114,100,1768,578,GREEN,SOUTH,30,MEDIUM
51,120,1700,384,YELLOW,EAST,10,SAFE
96,110,361,171,RED,WEST,30,MEDIUM
130,100,1656,707,RED,SOUTH,60,MEDIUM
99,90,626,284,RED,SOUTH,60,MEDIUM
128,110,1906,243,GREEN,NORTH,30,MEDIUM
74,90,1674,522,YELLOW,NORTH,10,SAFE
101,90,1992,572,RED,EAST,60,MEDIUM
58,90,1028,629,YELLOW,NORTH,10,SAFE
56,100,714,372,RED,NORTH,30,MEDIUM
54,90,1720,777,GREEN,SOUTH,0,SAFE
91,110,1556,183,YELLOW,WEST,10,SAFE
128,100,918,110,GREEN,WEST,30,MEDIUM
115,80,1695,259,RED,EAST,60,MEDIUM
70,100,1362,355,RED,WEST,30,MEDIUM
70,90,666,688,GREEN,WEST,40,MEDIUM
95,100,1675,531,GREEN,SOUTH,0,SAFE
111,110,1821,433,RED,NORTH,60,MEDIUM
81,120,539,277,RED,NORTH,30,MEDIUM
126,80,1022,162,GREEN,NORTH,30,MEDIUM
111,110,957,738,GREEN,EAST,30,MEDIUM
80,110,657,557,RED,WEST,30,MEDIUM
94,80,447,487,RED,EAST,100,HIGH
130,120,659,797,YELLOW,WEST,80,HIGH
56,80,521,468,GREEN,WEST,0,SAFE
126,80,1050,321,RED,EAST,60,MEDIUM
45,90,1885,775,GREEN,NORTH,0,SAFE
121,120,1834,136,RED,WEST,60,MEDIUM
121,120,707,327,YELLOW,NORTH,40,MEDIUM
66,100,1386,714,YELLOW,EAST,10,SAFE
109,120,1628,739,RED,EAST,30,MEDIUM
79,100,1714,552,YELLOW,EAST,10,SAFE
60,100,1914,437,GREEN,SOUTH,0,SAFE
40,120,1061,147,YELLOW,WEST,10,SAFE
85,110,738,751,YELLOW,EAST,50,MEDIUM
42,90,1355,710,RED,NORTH,30,MEDIUM
73,110,1193,774,RED,SOUTH,30,MEDIUM
119,100,1577,678,YELLOW,NORTH,40,MEDIUM
51,90,1133,526,RED,SOUTH,30,MEDIUM
103,100,873,245,GREEN,NORTH,30,MEDIUM
70,80,1952,523,GREEN,WEST,0,SAFE
94,90,245,554,RED,WEST,100,HIGH
85,90,353,396,GREEN,WEST,40,MEDIUM
73,110,1019,739,GREEN,WEST,0,SAFE
106,90,337,480,GREEN,WEST,70,HIGH
108,120,592,316,GREEN,SOUTH,0,SAFE
106,80,1951,302,GREEN,EAST,30,MEDIUM
48,80,1130,290,RED,EAST,30,MEDIUM
103,110,955,387,RED,EAST,30,MEDIUM
124,120,228,248,RED,NORTH,100,HIGH
69,90,1508,228,YELLOW,EAST,10,SAFE
130,80,1796,631,RED,SOUTH,60,MEDIUM
68,100,1059,478,GREEN,EAST,0,SAFE
88,80,179,289,RED,EAST,100,HIGH
60,90,1304,697,GREEN,SOUTH,0,SAFE
61,120,1282,108,RED,EAST,30,MEDIUM
50,120,411,255,GREEN,SOUTH,0,SAFE
72,110,1299,594,GREEN,EAST,0,SAFE
44,90,1364,527,RED,EAST,30,MEDIUM
81,120,350,783,YELLOW,WEST,50,MEDIUM
46,120,1603,238,GREEN,SOUTH,0,SAFE
85,100,300,575,GREEN,SOUTH,40,MEDIUM
72,110,637,446,YELLOW,NORTH,10,SAFE
117,90,1781,237,GREEN,NORTH,30,MEDIUM
116,110,475,550,RED,NORTH,100,HIGH
110,110,1006,550,YELLOW,SOUTH,10,SAFE
60,80,984,443,RED,SOUTH,30,MEDIUM
84,110,412,504,RED,SOUTH,70,HIGH
92,120,325,623,RED,NORTH,70,HIGH
89,110,1435,120,GREEN,EAST,0,SAFE
56,120,534,743,YELLOW,SOUTH,50,MEDIUM
68,80,1391,426,GREEN,EAST,0,SAFE
85,110,949,610,YELLOW,EAST,10,SAFE
130,120,124,156,YELLOW,WEST,80,HIGH
77,80,1838,439,GREEN,SOUTH,0,SAFE
52,110,302,514,RED,NORTH,70,HIGH
122,110,996,489,GREEN,SOUTH,30,MEDIUM
41,120,988,457,YELLOW,NORTH,10,SAFE
99,110,836,132,RED,WEST,30,MEDIUM
55,120,1543,384,GREEN,SOUTH,0,SAFE
104,120,1966,779,RED,SOUTH,30,MEDIUM
91,90,371,176,RED,SOUTH,60,MEDIUM
99,80,1015,252,YELLOW,WEST,40,MEDIUM
88,120,632,363,GREEN,WEST,0,SAFE
88,110,462,286,GREEN,NORTH,0,SAFE
91,90,520,745,RED,NORTH,100,HIGH
106,110,630,660,YELLOW,EAST,50,MEDIUM
71,120,626,401,YELLOW,WEST,10,SAFE
65,120,1905,758,YELLOW,NORTH,10,SAFE
117,110,1532,121,GREEN,NORTH,30,MEDIUM
79,80,1190,376,RED,WEST,30,MEDIUM
70,120,1886,628,GREEN,EAST,0,SAFE
49,100,428,249,RED,WEST,30,MEDIUM
56,90,1595,342,YELLOW,SOUTH,10,SAFE
100,120,493,774,YELLOW,EAST,50,MEDIUM
116,80,1833,652,GREEN,NORTH,30,MEDIUM
118,90,1606,794,YELLOW,NORTH,40,MEDIUM
59,80,1879,689,YELLOW,NORTH,10,SAFE
64,80,1061,133,YELLOW,EAST,10,SAFE
105,90,778,353,GREEN,EAST,30,MEDIUM
108,120,877,494,YELLOW,SOUTH,10,SAFE
50,100,1385,323,RED,NORTH,30,MEDIUM
53,110,300,176,RED,SOUTH,30,MEDIUM
41,120,483,211,RED,NORTH,30,MEDIUM
90,110,1120,192,RED,SOUTH,30,MEDIUM
112,110,1230,686,GREEN,EAST,30,MEDIUM
104,90,1883,690,YELLOW,WEST,40,MEDIUM
120,90,547,203,GREEN,SOUTH,30,MEDIUM
71,90,551,308,YELLOW,EAST,10,SAFE
119,90,223,712,GREEN,EAST,70,HIGH
41,100,352,470,GREEN,EAST,40,MEDIUM
54,120,1925,157,RED,SOUTH,30,MEDIUM
118,90,758,783,GREEN,WEST,70,HIGH
49,90,804,230,YELLOW,NORTH,10,SAFE
81,100,433,716,YELLOW,SOUTH,50,MEDIUM
83,110,1510,506,RED,WEST,30,MEDIUM
115,90,504,687,YELLOW,EAST,80,HIGH
93,80,1854,278,GREEN,SOUTH,30,MEDIUM
43,120,1684,481,RED,SOUTH,30,MEDIUM
61,120,1355,376,GREEN,WEST,0,SAFE
86,90,1322,118,GREEN,EAST,0,SAFE
129,80,396,541,GREEN,NORTH,70,HIGH
127,120,1106,130,YELLOW,WEST,40,MEDIUM
116,100,1717,279,GREEN,SOUTH,30,MEDIUM
103,120,670,504,YELLOW,NORTH,10,SAFE
65,120,578,693,YELLOW,NORTH,50,MEDIUM
115,90,1333,559,RED,WEST,60,MEDIUM
89,90,112,106,YELLOW,SOUTH,10,SAFE
63,90,197,778,YELLOW,EAST,50,MEDIUM
101,90,1575,634,RED,SOUTH,60,MEDIUM
97,120,941,646,RED,WEST,30,MEDIUM
122,100,1343,490,GREEN,NORTH,30,MEDIUM
98,90,1462,299,YELLOW,SOUTH,40,MEDIUM
53,90,829,566,RED,EAST,30,MEDIUM
118,110,1710,614,YELLOW,EAST,40,MEDIUM
44,120,1860,303,GREEN,WEST,0,SAFE
105,110,281,786,GREEN,NORTH,40,MEDIUM
45,90,534,328,RED,EAST,30,MEDIUM
43,110,325,577,RED,WEST,70,HIGH
129,90,1298,477,YELLOW,WEST,40,MEDIUM
106,120,1700,422,YELLOW,EAST,10,SAFE
90,100,107,322,RED,NORTH,70,HIGH
45,100,1913,529,GREEN,EAST,0,SAFE
88,110,1996,399,GREEN,SOUTH,0,SAFE
73,110,1675,492,GREEN,WEST,0,SAFE
43,120,1338,473,YELLOW,SOUTH,10,SAFE
61,110,1326,614,YELLOW,SOUTH,10,SAFE
77,120,363,170,GREEN,NORTH,0,SAFE
108,80,336,560,YELLOW,EAST,80,HIGH
47,90,1602,258,YELLOW,EAST,10,SAFE
79,100,1166,506,GREEN,EAST,0,SAFE
80,80,221,570,RED,EAST,70,HIGH
114,110,1745,491,GREEN,SOUTH,30,MEDIUM
110,120,186,408,RED,SOUTH,70,HIGH
69,100,815,699,YELLOW,NORTH,10,SAFE
117,80,1885,392,RED,EAST,60,MEDIUM
119,110,875,314,GREEN,NORTH,30,MEDIUM
88,120,1615,565,GREEN,EAST,0,SAFE
58,80,1648,701,GREEN,WEST,0,SAFE
63,80,1217,236,YELLOW,EAST,10,SAFE
128,100,1976,644,RED,SOUTH,60,MEDIUM
116,100,950,648,GREEN,WEST,30,MEDIUM
45,120,464,343,RED,WEST,30,MEDIUM
111,80,1129,225,GREEN,WEST,30,MEDIUM
81,100,850,742,YELLOW,EAST,10,SAFE
